1.0748956,-0.1528569,1.6057856267948964,6.4310783,0.0
1.066306,0.0469166,1.7717365267948966,6.4459574,0.15
1.0545386,0.2465104,1.7876221267948964,6.4603765,0.15
1.0396077,0.4458964,1.8034581267948964,6.4743457,0.15
1.0215198,0.6450256,1.8193127267948965,6.4875975,0.15
1.0002757,0.8438271,1.8351992267948964,6.4998704,0.15
0.9758694,1.0422891,1.8511252267948965,6.5111965,0.15
0.948304,1.2403209,1.8670918267948964,6.5216018,0.15
0.9175751,1.4378904,1.8831047267948964,6.5311136,0.15
0.8836811,1.634946,1.8991682267948964,6.5397572,0.15
0.8466241,1.8314144,1.9152848267948965,6.5475557,0.15
0.8063948,2.0272831,1.9314620267948965,6.5545306,0.15
0.7629999,2.222458,1.9477008267948965,6.5607013,0.15
0.7164341,2.4169046,1.9640073267948965,6.5660859,0.15
0.6666958,2.6105688,1.9803859267948964,6.5707015,0.15
0.6137897,2.8033741,1.9968392267948964,6.574563,0.15
0.5577038,2.9953044,2.0133750267948964,6.577685,0.15
0.498449,3.186263,2.0299947267948966,6.5800805,0.15
0.4360192,3.3762111,2.0467043267948966,6.581761,0.15
0.3704139,3.5650908,2.0635085267948967,6.5827389,0.15
0.3016407,3.7528228,2.0804103267948966,6.5830239,0.15
0.2296861,3.939384,2.0974178267948966,6.5826255,0.15
0.154565,4.124676,2.1145329267948965,6.5815502,0.15
0.0762721,4.3086539,2.1317621267948965,6.579805,0.15
-0.0051913,4.4912548,2.1491101267948967,6.5773989,0.15
-0.0898149,4.6723964,2.1665806267948966,6.5743379,0.15
-0.1776109,4.8520452,2.1841821267948967,6.5706283,0.15
-0.2685609,5.0301029,2.2019177267948966,6.5662683,0.15
-0.362668,5.2065153,2.2197942267948965,6.5612621,0.15
-0.4599281,5.3812134,2.2378186267948963,6.5556099,0.15
-0.5603282,5.5541122,2.2559952267948966,6.549309,0.15
-0.6638764,5.7251633,2.2743334267948963,6.5423642,0.15
-0.7705523,5.8942695,2.2928381267948965,6.5347632,0.15
-0.8803544,6.0613646,2.3115165267948963,6.526509,0.15
-0.9932745,6.2263718,2.3303761267948966,6.5176013,0.15
-1.1092973,6.3892036,2.3494226267948966,6.5080355,0.15
-1.2284183,6.5497925,2.3686225267948964,6.497816,0.15
-1.3506074,6.7080549,2.3879403267948964,6.4874818,0.15
-1.475838,6.8639194,2.4073315267948963,6.477001,0.15
-1.6040538,7.01734,2.4265002267948965,6.4676602,0.15
-1.7351692,7.1682953,2.4454030267948963,6.4606476,0.15
-1.8690872,7.3167597,2.4639894267948965,6.4557743,0.15
-2.0057193,7.4627394,2.4822114267948963,6.4535786,0.15
-2.1449611,7.6062286,2.5000751267948966,6.4538558,0.15
-2.2867181,7.7472315,2.5175908267948963,6.4563911,0.15
-2.4309059,7.8857609,2.5347652267948964,6.4609961,0.15
-2.5774179,8.0218084,2.5516041267948966,6.4675132,0.15
-2.7261862,8.1554013,2.5681162267948965,6.4757688,0.15
-2.877116,8.2865417,2.5843055267948967,6.4856371,0.15
-3.030127,8.4152445,2.6001793267948963,6.4969846,0.15
-3.1851516,8.541534,2.6157432267948963,6.5096953,0.15
-3.342089,8.6654081,2.6310003267948967,6.5236719,0.15
-3.5008905,8.7869054,2.6459582267948965,6.538806,0.15
-3.6614706,8.9060354,2.6606193267948965,6.5550209,0.15
-3.8237606,9.0228206,2.6749880267948964,6.5722377,0.15
-3.9877064,9.1372933,2.6890688267948963,6.5903889,0.15
-4.153215,9.2494587,2.7028621267948965,6.6094153,0.15
-4.3202509,9.3593619,2.7163728267948963,6.629266,0.15
-4.4887381,9.4670201,2.7296023267948963,6.6498944,0.15
-4.6586176,9.5724621,2.7425524267948966,6.6712581,0.15
-4.8298448,9.6757256,2.7552263267948964,6.6933223,0.15
-5.0023371,9.7768253,2.7676239267948968,6.7160507,0.15
-5.1760667,9.8758087,2.7797485267948967,6.7394182,0.15
-5.3509678,9.9727007,2.7916011267948964,6.7633964,0.15
-5.5269898,10.0675355,2.8031828267948966,6.7879623,0.15
-5.7040951,10.1603541,2.8144958267948965,6.8130975,0.15
-5.8822136,10.2511804,2.8255399267948964,6.8387808,0.15
-6.0613212,10.3400623,2.8363173267948967,6.8650014,0.15
-6.2413627,10.4270317,2.846828726794896,6.8917434,0.15
-6.4222952,10.5121269,2.8570747267948966,6.9189954,0.15
-6.604086,10.5953911,2.867056926794896,6.9467496,0.15
-6.7866785,10.6768563,2.8767750267948964,6.9749946,0.15
-6.9700498,10.75657,2.8862306267948967,7.0037281,0.15
-7.1541551,10.8345699,2.8954240267948967,7.0329428,0.15
-7.3389583,10.9108975,2.9043557267948965,7.0626348,0.15
-7.5244304,10.9855975,2.9130266267948968,7.092803,0.15
-7.7105283,11.0587086,2.9214366267948964,7.123443,0.15
-7.8972283,11.1302776,2.9295865267948966,7.1545579,0.15
-8.0844959,11.2003468,2.9374767267948965,7.1861463,0.15
-8.2723009,11.2689603,2.9451072267948963,7.2182096,0.15
-8.4606165,11.3361637,2.9524787267948964,7.2507511,0.15
-8.649413,11.4020012,2.9595913267948966,7.2837718,0.15
-8.8386646,11.4665188,2.966445126794896,7.317278,0.15
-9.0283464,11.5297624,2.9730406267948966,7.3512727,0.15
-9.2184331,11.5917782,2.9793775267948965,7.3857613,0.15
-9.4088994,11.6526122,2.9854563267948966,7.4207505,0.15
-9.5997277,11.712313,2.9912770267948967,7.456245,0.15
-9.7908899,11.7709259,2.9968394267948963,7.4922544,0.15
-9.9823688,11.8284995,3.0021440267948964,7.5287852,0.15
-10.1741438,11.8850816,3.0071907267948963,7.5658443,0.15
-10.3661907,11.9407187,2.8619796267948967,7.6034401,0.0
-10.5585014,11.9954615,2.8665199267948966,7.6415804,0.0
-10.7510477,12.0493524,2.8708203267948966,7.68014,0.0
-10.9438191,12.1024383,2.8748822267948966,7.719132,0.0
-11.1367995,12.1547634,2.8787126267948966,7.758533,0.0
-11.3299674,12.2063697,2.8823126267948966,7.7983212,0.0
-11.5233231,12.257305,2.8856825267948967,7.8385114,0.0
-11.7168371,12.3076089,2.8888220267948963,7.8791194,0.0
-11.9105042,12.3573279,2.8917312267948967,7.9201601,0.0
-12.1043112,12.4065059,2.8944102267948963,7.9616484,0.0
-12.2982359,12.455185,2.8968588267948965,8.0,0.0
-12.4922857,12.5034144,2.8990773267948966,8.0,0.0
-12.6864282,12.5512335,2.9010654267948963,8.0,0.0
-12.8806622,12.5986895,2.9028233267948966,8.0,0.0
-13.0749761,12.6458268,2.9043508267948965,8.0,0.0
-13.2693469,12.6926874,2.9056478267948966,8.0,0.0
-13.4637875,12.7393218,2.9067144267948963,8.0,0.0
-13.6582624,12.7857687,2.9075506267948965,8.0,0.0
-13.8527734,12.8320761,2.908156326794897,8.0,0.0
-14.0473097,12.8782887,2.9085314267948963,8.0,0.0
-14.2418471,12.9244482,2.908675726794897,8.0,0.0
-14.4364023,12.9706059,2.9085893267948966,8.0,0.0
-14.6309371,13.0168003,2.9082721267948966,8.0,0.0
-14.8254547,13.0630795,2.9077240267948965,8.0,0.0
-15.0199444,13.1094885,2.9069448267948967,8.0,0.0
-15.2143808,13.1560687,2.9059346267948962,8.0,0.0
-15.4087823,13.202872,2.9046930267948965,8.0,0.0
-15.6031082,13.2499362,2.9032203267948966,8.0,0.0
-15.7973622,13.2973097,2.9015162267948966,8.0,0.0
-15.9915325,13.3450375,2.899580526794897,8.0,0.0
-16.1855925,13.3931604,2.8974133267948963,8.0,0.0
-16.3795601,13.4417309,2.8950142267948964,8.0,0.0
-16.5733928,13.4907859,2.8923833267948966,8.0,0.0
-16.7670933,13.540374,2.8895204267948964,8.0,0.0
-16.9606479,13.5905396,2.8864252267948967,8.0,0.0
-17.1540287,13.6413234,2.8830980267948965,8.0,0.0
-17.3472511,13.6927775,2.879537926794897,8.0,0.0
-17.5402711,13.7449384,2.8757454267948965,8.0,0.0
-17.7330889,13.7978543,2.871720026794897,8.0,0.0
-17.9256885,13.8515691,2.867461426794897,8.0,0.0
-18.1180402,13.9061229,2.8629698267948966,8.0,0.0
-18.3101548,13.9615673,2.8582443267948965,8.0,0.0
-18.5019876,14.0179381,2.8532852267948963,8.0,0.0
-18.6935349,14.0752828,2.8480920267948964,8.0,0.0
-18.8847772,14.1336446,2.8426643267948966,8.0,0.0
-19.0756831,14.1930628,2.8370023267948965,8.0,0.0
-19.2662569,14.253588,2.8311049267948967,8.0,0.0
-19.4564534,14.3152552,2.8249723267948967,8.0,0.0
-19.6462635,14.3781109,2.8186040267948966,8.0,0.0
-19.8356637,14.4421971,2.8119994267948965,8.0,0.0
-20.0246207,14.5075524,2.8051585267948966,8.0,0.0
-20.2131301,14.5742252,2.7980801267948965,8.0,0.0
-20.4011467,14.6422502,2.7907644267948966,8.0,0.0
-20.5886547,14.7116719,2.7832105267948966,8.0,0.0
-20.7756259,14.7825309,2.7754180267948962,8.0,0.0
-20.9620245,14.8548646,2.7673864267948964,8.0,0.0
-21.147836,14.9287188,2.7591146267948963,8.0,0.0
-21.3330153,15.0041273,2.7506024267948965,8.0,0.0
-21.5175383,15.0811323,2.7418488267948966,8.0,0.0
-21.7013715,15.1597722,2.7328532267948966,8.0,0.0
-21.8844765,15.2400831,2.7236149267948964,8.0,0.0
-22.0668271,15.3221067,2.7141328267948968,8.0,0.0
-22.2483779,15.4058763,2.7044062267948963,8.0,0.0
-22.4290961,15.4914305,2.6944338267948966,8.0,0.0
-22.6089417,15.578805,2.6842144267948966,8.0,0.0
-22.7878708,15.6680334,2.6737470267948966,8.0,0.0
-22.965845,15.7591503,2.6630532267948963,8.0,0.0
-23.1428284,15.8521854,2.6521502267948964,8.0,0.0
-23.3187719,15.9471573,2.6411060267948967,8.0,0.0
-23.493665,16.044056,2.6302256267948962,8.0,0.0
-23.6675167,16.142842,2.6195454267948968,8.0,0.0
-23.8402958,16.2434448,2.6091462267948966,8.0,0.0
-24.0120529,16.3458197,2.5990834267948966,8.0,0.0
-24.1827826,16.4498853,2.5893567267948967,8.0,0.0
-24.3525083,16.5555772,2.5799647267948966,8.0,0.0
-24.5212614,16.6628366,2.5709058267948963,8.0,0.0
-24.6890391,16.7715826,2.5621805267948967,8.0,0.0
-24.8558911,16.8817681,2.553786726794897,8.0,0.0
-25.0218261,16.9933195,2.5457244267948966,8.0,0.0
-25.1868745,17.1061774,2.5379926267948965,8.0,0.0
-25.3510718,17.2202863,2.5305903267948966,8.0,0.0
-25.5144269,17.3355721,2.5235178267948966,8.0,0.0
-25.676991,17.4519903,2.5167738267948967,8.0,0.0
-25.8387812,17.5694723,2.5103584267948964,8.0,0.0
-25.9998338,17.6879634,2.5042710267948967,8.0,0.0
-26.1601881,17.8074113,2.4985112267948963,8.0,0.0
-26.3198609,17.9277467,2.493079026794897,8.0,0.0
-26.4789059,18.048928,2.4879738267948968,8.0,0.0
-26.6373459,18.1708906,2.4831955267948964,8.0,0.0
-26.7952215,18.2935832,2.478744026794897,8.0,0.0
-26.9525754,18.4169563,2.4746187267948967,8.0,0.0
-27.1094295,18.5409441,2.4708201267948966,8.0,0.0
-27.2658397,18.6655077,2.4673474267948965,8.0,0.0
-27.4218327,18.7905849,2.4642008267948965,8.0,0.0
-27.577452,18.9161272,2.4613801267948965,8.0,0.0
-27.7327427,19.0420873,2.4588850267948965,8.0,0.0
-27.8877298,19.1684014,2.4567157267948967,8.0,0.0
-28.0424708,19.2950327,2.4548719267948966,8.0,0.0
-28.1969948,19.4219206,2.4533534267948967,8.0,0.0
-28.3513468,19.5490181,2.4521601267948965,8.0,0.0
-28.505573,19.676279,2.4512917267948966,8.0,0.0
-28.6597006,19.8036415,2.4507488267948965,8.0,0.0
-28.8137868,19.9310684,2.4505314267948966,8.0,0.0
-28.9678622,20.0585005,2.4506391267948966,8.0,0.0
-29.1219722,20.1858914,2.4510702267948967,8.0,0.0
-29.2761627,20.313195,2.4518247267948965,8.0,0.0
-29.4304618,20.4403495,2.4529151267948963,8.0,0.0
-29.5849284,20.567315,2.454349726794897,8.0,0.0
-29.7395956,20.6940294,2.4561305267948965,8.0,0.0
-29.8945105,20.8204408,2.4582655267948965,8.0,0.0
-30.0497215,20.9464969,2.4607556267948967,8.0,0.0
-30.205262,21.0721335,2.4636010267948967,8.0,0.0
-30.361186,21.1973028,2.4668023267948964,8.0,0.0
-30.5175303,21.3219431,2.4703594267948965,8.0,0.0
-30.6743389,21.4459985,2.4742723267948965,8.0,0.0
-30.8316556,21.5694128,2.4785412267948965,8.0,0.0
-30.9895171,21.6921244,2.4831661267948966,8.0,0.0
-31.1479674,21.8140773,2.4881476267948965,8.0,0.0
-31.3070449,21.9352111,2.4934856267948966,8.0,0.0
-31.4667877,22.0554652,2.4991805267948966,8.0,0.0
-31.6272337,22.1747787,2.5052327267948966,8.0,0.0
-31.7884217,22.2930912,2.5116424267948965,8.0,0.0
-31.9503833,22.4103376,2.5184102267948965,8.0,0.0
-32.1131575,22.5264574,2.5255364267948965,8.0,0.0
-32.2767752,22.6413846,2.5330217267948965,8.0,0.0
-32.441266,22.7550522,2.5408665267948964,8.0,0.0
-32.6066695,22.8674,2.5490718267948966,8.0,0.0
-32.7730035,22.9783532,2.5576379267948965,8.0,0.0
-32.9403054,23.0878495,2.416566126794897,8.0,-0.15
-33.1085971,23.195817,2.4258570267948967,8.0,-0.15
-33.2778988,23.3021821,2.4355115267948966,8.0,-0.15
-33.4482481,23.4068825,2.4455314267948967,8.0,-0.15
-33.6196481,23.5098343,2.4559171267948967,8.0,-0.15
-33.7921317,23.6109717,2.4666706267948966,8.0,-0.15
-33.9657106,23.7102162,2.4777930267948967,8.0,-0.15
-34.1403933,23.8074876,2.4892856267948966,8.0,-0.15
-34.3162128,23.9027192,2.501151426794897,8.0,-0.15
-34.4931562,23.995819,2.513390726794897,8.0,-0.15
-34.671249,24.0867159,2.5260068267948967,8.0,-0.15
-34.8504905,24.1753246,2.539001526794897,8.0,-0.15
-35.0308761,24.2615582,2.5523766267948966,8.0,-0.15
-35.2124297,24.3453435,2.566136426794897,8.0,-0.15
-35.395122,24.426582,2.5802818267948964,8.0,-0.15
-35.5789672,24.5051952,2.5948172267948966,8.0,-0.15
-35.7639498,24.5810915,2.609745426794897,8.0,-0.15
-35.9500502,24.6541776,2.6250693267948964,8.0,-0.15
-36.1372777,24.7243716,2.6407944267948964,8.0,-0.15
-36.3255868,24.7915705,2.6569230267948964,8.0,-0.15
-36.5149747,24.8556871,2.6734605267948965,8.0,-0.15
-36.705409,24.9166237,2.6904113267948966,8.0,-0.15
-36.8968526,24.9742812,2.707779626794897,8.0,-0.15
-37.0892933,25.0285681,2.7255727267948964,8.0,-0.15
-37.2826695,25.0793783,2.7437949267948967,8.0,-0.15
-37.4769548,25.1266155,2.7624528267948967,8.0,-0.15
-37.6720969,25.1701766,2.7815521267948964,8.0,-0.15
-37.8680381,25.2099581,2.801098926794897,8.0,-0.15
-38.0647358,25.2458585,2.8211061267948967,8.0,-0.15
-38.2621141,25.2777696,2.8415834267948967,7.9815987,-0.15
-38.4601124,25.3055855,2.8625355267948964,7.9433167,-0.15
-38.6586562,25.3292005,2.883960126794897,7.9052183,-0.15
-38.8576636,25.3485088,2.905859926794897,7.8673026,-0.15
-39.0570472,25.3634337,2.9278773267948965,7.8295688,-0.15
-39.2567138,25.3739748,2.9498052267948967,7.792016,-0.15
-39.4565621,25.3801453,2.971610126794897,7.7546432,-0.15
-39.6564971,25.381983,-0.14844612679489674,7.7174498,-0.15
-39.8564262,25.3795421,-0.12718152679489644,7.6804347,-0.15
-40.0562593,25.3728768,-0.10617712679489663,7.6435972,-0.15
-40.2559086,25.3620412,-0.08542362679489654,7.6069363,-0.15
-40.4552925,25.3470889,-0.06491112679489638,7.5704513,-0.15
-40.6543298,25.3280734,-0.04463002679489633,7.5341413,-0.15
-40.8529426,25.3050478,-0.0245723267948966,7.4980054,-0.15
-41.0510561,25.2780647,-0.004728326794896626,7.4620428,-0.15
-41.2486003,25.247176,0.014909873205103535,7.4262528,-0.15
-41.4454998,25.2124344,0.03434967320510332,7.3906343,-0.15
-41.6416923,25.1738901,0.053600373205103496,7.3551868,-0.15
-41.8371141,25.1315936,0.07266867320510376,7.3199092,-0.15
-42.0316873,25.0855983,0.09156137320510319,7.2848009,-0.15
-42.2253746,25.0359483,0.11028747320510349,7.2498609,-0.15
-42.4180892,24.9826996,0.12885077320510377,7.2150885,-0.15
-42.6097919,24.9258961,0.14726077320510314,7.1804829,-0.15
-42.8004334,24.8655834,0.16552307320510354,7.1460433,-0.15
-42.9899169,24.801823,0.18364287320510356,7.1117688,-0.15
-43.1782516,24.7346402,0.20163257320510333,7.0776588,-0.15
-43.3653228,24.6641003,0.21956657320510367,7.0435357,-0.15
-43.5511019,24.5901962,0.2376964732051036,7.0093618,-0.15
-43.735529,24.5129048,0.25606057320510345,6.9757429,-0.15
-43.9184282,24.4321942,0.2753120732051032,6.9422853,-0.15
-44.0997307,24.3478437,0.29581867320510324,6.9089881,-0.15
-44.2791814,24.2596982,0.31751797320510355,6.8758506,-0.15
-44.4566379,24.1675847,0.34023487320510337,6.8428721,-0.15
-44.6319325,24.0713612,0.36396837320510345,6.8100517,-0.15
-44.8048006,23.9709446,0.3886879732051035,6.7773888,-0.15
-44.9751181,23.8661787,0.4144059732051034,6.7448825,-0.15
-45.1426109,23.7569968,0.4411267732051035,6.7125322,-0.15
-45.3070713,23.6432936,0.46886807320510326,6.680337,-0.15
-45.4682687,23.5249767,0.4976552732051033,6.6482962,-0.15
-45.6259061,23.402004,0.5274988732051032,6.6164091,-0.15
-45.7797479,23.2742874,0.5584358732051035,6.5846749,-0.15
-45.9294893,23.1417922,0.5904894732051033,6.5530929,-0.15
-46.0748265,23.0044859,0.6236894732051036,6.5216624,-0.15
-46.2154422,22.8623476,0.6580776732051036,6.4903827,-0.15
-46.3510047,22.7153696,0.6936877732051036,6.459253,-0.15
-46.4811396,22.563592,0.7305664732051035,6.4282726,-0.15
-46.6055011,22.4070197,0.7687686732051032,6.3974408,-0.15
-46.7236764,22.2457397,0.8083409732051038,6.3667568,-0.15
-46.8352439,22.0798554,0.8493509732051038,6.3362201,-0.15
-46.9398223,21.9094028,0.8918770732051037,6.3058298,-0.15
-47.036888,21.7346452,0.9359823732051037,6.2755852,-0.15
-47.1260294,21.5556522,0.9817757732051028,6.2454857,-0.15
-47.2067176,21.3727111,1.029332373205103,6.2155306,-0.15
-47.2784185,21.1861414,1.0787603732051037,6.1857192,-0.15
-47.3407016,20.9960594,1.129778173205104,6.1560507,-0.15
-47.3930364,20.8031642,1.182202073205103,6.1265245,-0.15
-47.4350821,20.6077087,1.2354005732051037,6.09714,-0.15
-47.4668813,20.410317,1.286322073205103,6.0678964,-0.15
-47.4888327,20.2116641,1.3347614732051034,6.038793,-0.15
-47.5013817,20.0120994,1.3808329732051035,6.0098293,-0.15
-47.5049654,19.8122251,-1.7170812732051033,5.9810044,-0.15
-47.5000505,19.6123771,-1.6757054732051033,5.9523179,-0.15
-47.4870908,19.4128689,-1.6365136732051035,5.9237688,-0.15
-47.4665358,19.2139858,-1.5994571732051033,5.8953568,-0.15
-47.4388391,19.0160097,-1.5644842732051032,5.867081,-0.15
-47.4044282,18.819033,-1.5315469732051032,5.8389408,-0.15
-47.3637565,18.6233,-1.5006238732051034,5.8106643,-0.15
-47.3172406,18.4288539,-1.4716777732051032,5.7839014,-0.15
-47.2652935,18.235741,-1.4446823732051035,5.7707876,-0.15
-47.2083631,18.0441263,-1.2696250732051033,5.769946,0.0
-47.1468041,17.8538576,-1.2464678732051033,5.7802264,0.0
-47.0810537,17.6650558,-1.2252069732051036,5.80068,0.0
-47.0114745,17.4776141,-1.2058193732051032,5.8304707,0.0
-46.938431,17.2914458,-1.1882905732051032,5.8689538,0.0
-46.862336,17.1065855,-1.1726171732051034,5.9155721,0.0
-46.7834963,16.9228085,-1.1587794732051035,5.9698898,0.0
-46.7023015,16.740094,-1.1467748732051035,6.0315764,0.0
-46.6190835,16.5582883,-1.1365931732051036,6.1003679,0.0
-46.5341736,16.3772416,-1.1282281732051036,6.1761007,0.0
-46.4479246,16.196852,-1.1216738732051033,6.2586731,0.0
-46.3606575,16.0169525,-1.1169251732051033,6.348035,0.0
-46.2726887,15.8373694,-1.1139782732051033,6.444228,0.0
-46.1843598,15.6579823,-1.1128268732051034,6.547313,0.0
-46.0959954,15.4786377,-1.1134717732051036,6.6574339,0.0
-46.0078755,15.2990924,-1.1159057732051036,6.7545977,0.0
-45.9203958,15.1193422,-0.9701259732051034,6.8358491,0.15
-45.8337959,14.9390609,-0.9761379732051035,6.8424462,0.15
-45.7484597,14.7582235,-0.9839292732051036,6.7316495,0.15
-45.66473,14.5767231,-0.9935070732051033,6.6285184,0.15
-45.5828327,14.394192,-1.0048787732051037,6.5328629,0.15
-45.503261,14.2108588,-1.0180293732051036,6.4447015,0.15
-45.4262074,14.0262646,-1.0329943732051037,6.3640127,0.15
-45.3521182,13.840538,-1.0497587732051037,6.2909308,0.15
-45.2813632,13.6536393,-1.0683380732051035,6.2256604,0.15
-45.2141834,13.4651608,-1.0887748732051037,6.1684462,0.15
-45.1511324,13.2755629,-1.1110356732051034,6.1197176,0.15
-45.092427,13.084319,-1.1352002732051036,6.0799233,0.15
-45.0385708,12.8917702,-1.1612470732051037,6.0497244,0.15
-44.9899568,12.6979338,-1.1892081732051034,6.0207082,0.15
-44.9469255,12.5025485,-1.2191591732051035,5.9918312,0.15
-44.910009,12.3062083,-1.2510616732051036,5.9630926,0.15
-44.8795386,12.1085009,-1.2850466732051036,5.934492,0.15
-44.8560258,11.9099811,-1.3211193732051036,5.9060285,0.15
-44.8399044,11.710772,-1.3593312732051035,5.8777015,0.15
-44.8316201,11.5109713,-1.3997518732051035,5.8495103,0.15
-44.831636,11.3111253,1.699220273205103,5.8214544,0.15
-44.8403979,11.1114128,1.6542827732051033,5.7935331,0.15
-44.8583655,10.9123023,1.6069105732051034,5.7657457,0.15
-44.8859659,10.7144171,1.5570852732051033,5.7380915,0.15
-44.9236513,10.5181998,1.5045549732051033,5.71057,0.15
-44.971945,10.3239497,1.4492499732051036,5.6831805,0.15
-45.0309383,10.1334325,1.3912386732051032,5.6559224,0.15
-45.101437,9.9461485,1.3297623732051034,5.628795,0.15
-45.1834447,9.7639284,1.2661371732051037,5.6017977,0.15
-45.2767116,9.5871903,1.2047405732051035,5.5749299,0.15
-45.3807273,9.4159446,1.1455099732051033,5.5481909,0.15
-45.4940444,9.2515395,1.0898372732051036,5.5215802,0.15
-45.6162536,9.0931322,1.0381989732051031,5.4950972,0.15
-45.7461214,8.9410551,0.9904476732051034,5.4687411,0.15
-45.8827795,8.7951378,0.9464788732051034,5.4425115,0.15
-46.0255504,8.6550248,0.9061175732051036,5.4164077,0.15
-46.1735396,8.5205933,0.8693385732051034,5.3901774,0.15
-46.3261552,8.3914116,0.8361077732051033,5.3722698,0.15
-46.482786,8.2670799,0.8063507732051033,5.3749831,0.15
-46.6428254,8.1471985,0.7800393732051033,5.3959436,0.15
-46.8057054,8.0313303,0.7571633732051036,5.4335183,0.15
-46.9711215,7.9188551,0.7377018732051034,5.4863686,0.15
-47.1384022,7.8093978,0.7217036732051035,5.5537715,0.15
-47.3072711,7.702312,0.5591545732051033,5.6351132,0.0
-47.4773007,7.5970533,0.5500565732051035,5.7299791,0.0
-47.6479955,7.4931137,0.5444269732051032,5.8382509,0.0
-47.8192526,7.3897437,0.5422736732051034,5.9600387,0.0
-47.9904423,7.286509,0.5436168732051034,6.0956915,0.0
-48.1613401,7.1827276,0.6984666732051036,6.2087654,0.15
-48.3315659,7.0778088,0.7068306732051034,6.2948228,0.15
-48.5006538,6.9712148,0.7187105732051037,6.3545427,0.15
-48.6683592,6.8622656,0.7341348732051035,6.3887893,0.15
-48.8341123,6.7504843,0.7531121732051035,6.3984369,0.15
-48.9975201,6.6352845,0.7755293732051035,6.3811233,0.15
-49.1581413,6.5162101,0.8008023732051034,6.3505176,0.15
-49.3155114,6.3929105,0.8288581732051036,6.3200588,0.15
-49.4692136,6.2650933,0.8587368732051034,6.289746,0.15
-49.6189915,6.1326302,0.8896981732051034,6.2595786,0.15
-49.7644997,5.9955483,0.9215402732051033,6.2295558,0.15
-49.9055712,5.8538879,0.9534111732051033,6.1996771,0.15
-50.0421162,5.7077463,0.9852473732051036,6.1699417,0.15
-50.1738875,5.5574509,1.0165648732051031,6.1403489,0.15
-50.3010082,5.4030865,1.0470665732051034,6.1108981,0.15
-50.4234085,5.244988,1.0767734732051033,6.0815885,0.15
-50.5411145,5.0833778,1.1057156732051037,6.0524195,0.15
-50.6541817,4.9184315,1.1339296732051038,6.0233904,0.15
-50.7625743,4.750457,1.161432273205104,5.9942207,0.15
-50.8663879,4.5795613,1.188264073205104,5.9692595,0.15
-50.9656284,4.4059889,1.214443673205103,5.9502092,0.15
-51.0603435,4.2299114,1.240010173205103,5.9363705,0.15
-51.1505929,4.05147,1.2649877732051027,5.9271662,0.15
-51.2363899,3.8708951,1.2894017732051029,5.9221055,0.15
-51.3178146,3.6882721,1.3132885732051034,5.9206141,0.15
-51.3948977,3.5037867,1.3366612732051038,5.9223338,0.15
-51.4676925,3.3175712,1.3595479732051028,5.9268726,0.15
-51.5362587,3.1297339,1.3819657732051032,5.9339084,0.15
-51.6006303,2.9404519,1.4039264732051033,5.9431803,0.15
-51.6608784,2.7497944,1.4254503732051034,5.9544195,0.15
-51.7170487,2.5579025,1.4465453732051032,5.9674304,0.15
-51.7691987,2.3648826,1.4672199732051037,5.9820401,0.15
-51.8173905,2.1708222,1.4874849732051039,5.9981036,0.15
-51.8616757,1.9758521,1.5073414732051034,6.0154773,0.15
-51.9021229,1.7800382,1.5267956732051036,6.0340952,0.15
-51.9387919,1.5834839,1.545853373205103,6.0538425,0.15
-51.9717472,1.3862751,1.5645155732051035,6.0746405,0.15
-52.001056,1.1884865,1.5827889732051035,6.096425,0.15
-52.0267836,0.9902048,1.4506762732051035,6.1191093,0.0
-52.0489987,0.7914976,1.4681809732051034,6.142658,0.0
-52.0677701,0.5924342,1.4853084732051034,6.167004,0.0
-52.0831668,0.393082,1.5020600732051035,6.1921005,0.0
-52.095259,0.1935057,1.518439973205103,6.2179127,0.0
-52.1041179,-0.0062481,1.5344520732051032,6.2443909,0.0
-52.1098137,-0.2061104,1.5500971732051037,6.2715189,0.0
-52.1124185,-0.40604,1.565380173205103,6.2992606,0.0
-52.1120037,-0.6059874,-1.5612906732051033,6.3275915,0.0
-52.1086415,-0.8058969,-1.5467279732051034,6.3564967,0.0
-52.1024035,-1.0057543,-1.5325201732051035,6.3859501,0.0
-52.0933629,-1.2054922,-1.5186680732051037,6.4159492,0.0
-52.0815914,-1.4050918,-1.5051681732051034,6.4464774,0.0
-52.0671613,-1.6045196,-1.4920196732051036,6.4775256,0.0
-52.0501465,-1.8037293,-1.4792218732051032,6.5090918,0.0
-52.0306161,-2.0027305,-1.4667712732051035,6.5411654,0.0
-52.0086459,-2.2014619,-1.4546696732051037,6.5737537,0.0
-51.9843064,-2.399921,-1.4429142732051035,6.6068525,0.0
-51.9576694,-2.5980888,-1.4315049732051035,6.6404627,0.0
-51.9288097,-2.7959293,-1.4204416732051035,6.6745905,0.0
-51.8977934,-2.9934667,-1.4097214732051033,6.7092352,0.0
-51.8646978,-3.190651,-1.3993459732051035,6.7444056,0.0
-51.8295912,-3.3874906,-1.3893134732051036,6.7801064,0.0
-51.7925445,-3.5839789,-1.3796232732051035,6.8163432,0.0
-51.7536321,-3.7800909,-1.3702759732051035,6.8531252,0.0
-51.7129172,-3.9758588,-1.3612693732051033,6.8904587,0.0
-51.6704773,-4.1712457,-1.3526054732051036,6.9283596,0.0
-51.6263789,-4.3662676,-1.3442830732051037,6.966838,0.0
-51.5806911,-4.5609278,-1.3363017732051032,7.0059045,0.0
-51.5334875,-4.7552129,-1.3286622732051034,7.0455722,0.0
-51.4848296,-4.9491573,-1.3213635732051032,7.085853,0.0
-51.4347935,-5.1427393,-1.3144072732051035,7.1267682,0.0
-51.3834446,-5.3359786,-1.3077927732051036,7.1683318,0.0
-51.3308507,-5.5288866,-1.3015204732051036,7.2105596,0.0
-51.2770833,-5.7214614,-1.2955909732051034,7.2534706,0.0
-51.2222041,-5.9137378,-1.2900088732051036,7.297081,0.0
-51.1662892,-6.1057053,-1.2847807732051035,7.3414875,0.0
-51.1094043,-6.2973882,-1.2798772732051034,7.3867047,0.0
-51.0515939,-6.4887973,-1.2751036732051033,7.4318498,0.0
-50.9928821,-6.6799228,-1.2704240732051035,7.4759463,0.0
-50.93326,-6.8707648,-1.2654194732051036,7.5190608,0.0
-50.8726051,-7.0612895,-1.2596161732051034,7.5547805,0.0
-50.8107716,-7.2514294,-1.2530229732051033,7.5831298,0.0
-50.7476159,-7.4411316,-1.2456906732051034,7.6045938,0.0
-50.682993,-7.6303679,-1.2376275732051036,7.619675,0.0
-50.61679,-7.8190214,-1.2288559732051034,7.6286007,0.0
-50.5488636,-8.0070816,-1.2193951732051036,7.6319108,0.0
-50.4790966,-8.1944661,-1.2092453732051034,7.6298254,0.0
-50.40737,-8.3811015,-1.1984095732051037,7.6225779,0.0
-50.3335578,-8.5669321,-1.1868858732051035,7.6104014,0.0
-50.2575488,-8.7518662,-1.1746768732051036,7.5935102,0.0
-50.179224,-8.9358334,-1.1617829732051033,7.5721677,0.0
-50.0984696,-9.1187506,-1.1482013732051035,7.5441864,0.0
-50.0151762,-9.3005251,-1.1339321732051033,7.5045339,0.0
-49.9292401,-9.4810525,-1.1189720732051036,7.46854,0.0
-49.8405405,-9.6602641,-1.1033167732051035,7.4327188,0.0
-49.7489937,-9.8380158,-1.0869661732051035,7.3970694,0.0
-49.6544878,-10.0142197,-1.0699126732051036,7.3615909,0.0
-49.5569251,-10.1887596,-1.0521537732051036,7.3262826,0.0
-49.4562366,-10.3614708,-1.0336861732051035,7.2911437,0.0
-49.3522831,-10.5323067,-1.0144957732051036,7.2561733,0.0
-49.2450331,-10.7010413,-0.9945852732051033,7.2213707,0.0
-49.1343787,-10.8675746,-0.9739400732051036,7.1867349,0.0
-49.0202382,-11.0317616,-0.9525528732051036,7.1522653,0.0
-48.9025906,-11.193374,-0.9304199732051033,7.117961,0.0
-48.7812765,-11.3523714,-0.9075142732051034,7.0838213,0.0
-48.6563337,-11.5084501,-0.8838415732051033,7.0498453,0.0
-48.5276633,-11.661486,-0.8593779732051035,7.0160322,0.0
-48.3952097,-11.8112959,-0.8341076732051036,6.9823813,0.0
-48.2590117,-11.9575939,-0.6580249732051032,6.9488919,0.15
-48.1188996,-12.1003162,-0.6310876732051035,6.915563,0.15
-47.9749939,-12.2390961,-0.6033020732051034,6.882394,0.15
-47.8272187,-12.3737687,-0.5746330732051036,6.8493841,0.15
-47.6755627,-12.5041003,-0.5450534732051032,6.8165325,0.15
-47.5201301,-12.6297622,-0.5145524732051036,6.7838385,0.15
-47.3607804,-12.7506223,-0.48306767320510324,6.7513013,0.15
-47.1977138,-12.8662791,-0.4505906732051036,6.7189201,0.15
-47.0309093,-12.9765011,-0.41707517320510357,6.6866943,0.15
-46.8604305,-13.0809929,-0.38249027320510354,6.654623,0.15
-46.6864466,-13.179399,-0.34681307320510324,6.6227055,0.15
-46.5089458,-13.2714774,-0.31009987320510335,6.5909412,0.15
-46.3281807,-13.3568768,-0.2724422732051034,6.5593292,0.15
-46.144309,-13.4353153,-0.23388307320510351,6.5278688,0.15
-45.9575176,-13.506563,-0.19483487320510343,6.4965593,0.15
-45.7680298,-13.5704358,-0.15532997320510336,6.4653999,0.15
-45.5762716,-13.6267475,-0.11606017320510334,6.43439,0.15
-45.3823588,-13.6755868,-0.07752187320510343,6.4035289,0.15
-45.1867636,-13.7169829,-0.03976967320510352,6.3728157,0.15
-44.9897738,-13.7510739,-0.0031474732051034737,6.3422499,0.15
-44.7915948,-13.7780522,0.03236712679489648,6.3118307,0.15
-44.592723,-13.7980718,0.06680682679489655,6.2815574,0.15
-44.3931961,-13.8113369,0.10025932679489666,6.2514292,0.15
-44.1933758,-13.8180171,0.13274872679489666,6.2214456,0.15
-43.9934502,-13.8182946,0.16432592679489652,6.1916058,0.15
-43.7935481,-13.8123452,0.19503712679489657,6.1619091,0.15
-43.5940158,-13.800352,0.2248932267948965,6.1323548,0.15
-43.3948511,-13.7824818,0.2539465267948965,6.1029423,0.15
-43.1963094,-13.7589156,0.28221182679489665,6.0736709,0.15
-42.998506,-13.729824,0.3097169267948966,6.0442577,0.15
-42.8015165,-13.6953673,0.3364915267948966,6.0156571,0.15
-42.6055787,-13.6557357,0.3625362267948965,5.9936189,0.15
-42.41067,-13.6110711,0.3878813267948965,5.9775552,0.15
-42.2169598,-13.5615541,0.41253622679489654,5.9668776,0.15
-42.0245142,-13.5073426,0.4365169267948966,5.9610589,0.15
-41.8333701,-13.4485844,0.45984322679489653,5.9596491,0.15
-41.6436787,-13.3854629,0.48251612679489664,5.9622203,0.15
-41.4554094,-13.3181041,0.5045551267948966,5.9684426,0.15
-41.2686612,-13.2466765,0.5259674267948965,5.9779822,0.15
-41.0834648,-13.1713252,0.5467636267948967,5.9905394,0.15
-40.8998288,-13.092185,0.5669565267948965,6.005865,0.15
-40.7178355,-13.0094224,0.5865486267948966,6.0237205,0.15
-40.537451,-12.923153,0.6055522267948966,6.0439198,0.15
-40.3587194,-12.8335271,0.6239727267948966,6.0662818,0.15
-40.1816445,-12.7406768,0.6418158267948967,6.0906479,0.15
-40.0062144,-12.6447251,0.6590892267948966,6.1168902,0.15
-39.8324565,-12.5458164,0.6757953267948965,6.1448824,0.15
-39.660336,-12.4440609,0.6919404267948966,6.1745326,0.15
-39.4898538,-12.3395888,0.7075286267948965,6.2057485,0.15
-39.3209929,-12.2325199,0.5725632267948966,6.2384505,0.0
-39.1537263,-12.1229676,0.5870483267948966,6.2725784,0.0
-38.9880375,-12.011052,0.6009871267948965,6.3080704,0.0
-38.8238923,-11.8968816,0.6143826267948965,6.344881,0.0
-38.6612586,-11.7805658,0.6272379267948965,6.3829707,0.0
-38.5001023,-11.6622129,0.6395552267948965,6.4223048,0.0
-38.3403865,-11.5419289,0.6513364267948966,6.4628613,0.0
-38.1820595,-11.4198086,0.6625843267948965,6.5046191,0.0
-38.0250893,-11.295962,0.6732996267948965,6.5475648,0.0
-37.8694183,-11.1704789,0.6834847267948966,6.5916911,0.0
-37.7149993,-11.0434574,0.6931407267948966,6.6369917,0.0
-37.5617892,-10.9149989,0.7022680267948965,6.6834692,0.0
-37.4097076,-10.7851736,0.7108693267948966,6.7311284,0.0
-37.2587262,-10.6540956,0.7189438267948965,6.7799765,0.0
-37.1087679,-10.5218374,0.7264929267948965,6.8300276,0.0
-36.9597755,-10.3884883,0.7335172267948965,6.881296,0.0
-36.8117033,-10.2541487,0.7400163267948966,6.9338016,0.0
-36.6644471,-10.1188652,0.7459925267948966,6.9875661,0.0
-36.5179846,-9.9827595,0.7514445267948966,7.0426097,0.0
-36.3722238,-9.8458892,0.7563733267948965,7.0989621,0.0
-36.2271,-9.7083368,0.7607794267948965,7.1566513,0.0
-36.0825677,-9.5702034,0.7646620267948966,7.2157086,0.0
-35.9385041,-9.4315162,0.7680228267948965,7.27617,0.0
-35.7948946,-9.292406,0.7708602267948965,7.3380706,0.0
-35.6516366,-9.1529192,0.7731749267948965,7.4014526,0.0
-35.5086607,-9.0131339,0.7749674267948966,7.4663554,0.0
-35.3659227,-8.8731532,0.7762370267948966,7.5328219,0.0
-35.223288,-8.7329913,0.7769840267948965,7.6009018,0.0
-35.0807482,-8.5927866,0.7772080267948965,7.6706435,0.0
-34.9381946,-8.452579,0.7769087267948965,7.7415285,0.0
-34.7955573,-8.3124461,0.7760869267948965,7.806169,0.0
-34.6527964,-8.1724954,0.7747425267948965,7.8647213,0.0
-34.5097676,-8.032732,0.7728745267948965,7.9173318,0.0
-34.3664715,-7.8933026,0.7704831267948966,7.9641457,0.0
-34.2227965,-7.7542447,0.7675674267948965,8.0,0.0
-34.0786745,-7.6156386,0.7641278267948965,8.0,0.0
-33.9340703,-7.4775953,0.7601646267948966,8.0,0.0
-33.7888384,-7.3401212,0.7556754267948965,8.0,0.0
-33.6429871,-7.2033688,0.7506622267948966,8.0,0.0
-33.496406,-7.0673784,0.7451231267948966,8.0,0.0
-33.349033,-6.9322356,0.7390584267948965,8.0,0.0
-33.2008367,-6.7980541,0.7324687267948966,8.0,0.0
-33.0516802,-6.6648522,0.7253506267948966,8.0,0.0
-32.9015761,-6.5327824,0.5677071267948965,8.0,-0.15
-32.7504217,-6.4018946,0.5595355267948965,8.0,-0.15
-32.5981644,-6.2722827,0.5508361267948966,8.0,-0.15
-32.4447769,-6.1440619,0.5416098267948966,8.0,-0.15
-32.2901411,-6.0172716,0.5318525267948966,8.0,-0.15
-32.1342699,-5.8920591,0.5215675267948965,8.0,-0.15
-31.9770769,-5.7684907,0.5107519267948966,8.0,-0.15
-31.8185216,-5.6466695,0.49940582679489653,8.0,-0.15
-31.6585808,-5.5267111,0.48752982679489654,8.0,-0.15
-31.4971694,-5.4086848,0.47511992679489656,8.0,-0.15
-31.3342924,-5.2927265,0.4621780267948965,8.0,-0.15
-31.1698935,-5.1789265,0.4487009267948965,8.0,-0.15
-31.0039439,-5.0673957,0.43468622679489655,8.0,-0.15
-30.8364245,-4.9582508,0.4201328267948966,8.0,-0.15
-30.6673012,-4.8515984,0.4050362267948965,8.0,-0.15
-30.4965575,-4.747557,0.3893928267948966,8.0,-0.15
-30.3241866,-4.6462508,0.3732011267948966,8.0,-0.15
-30.1501672,-4.5477949,0.35645492679489654,8.0,-0.15
-29.974486,-4.4523098,0.33915092679489656,8.0,-0.15
-29.7971814,-4.3599434,0.32128352679489647,8.0,-0.15
-29.6181965,-4.2707949,0.30283832679489653,8.0,-0.15
-29.4376056,-4.1850292,0.28383802679489645,8.0,-0.15
-29.2553864,-4.1027506,0.26434122679489647,8.0,-0.15
-29.0715407,-4.0240696,0.24434992679489667,8.0,-0.15
-28.8862234,-3.9491559,0.2238942267948966,8.0,-0.15
-28.6993072,-3.8780593,0.20296152679489646,8.0,-0.15
-28.5109897,-3.8109492,0.18171492679489645,8.0,-0.15
-28.3212758,-3.7478357,0.16063922679489653,8.0,-0.15
-28.1302232,-3.6886981,0.13976002679489655,8.0,-0.15
-27.9380834,-3.6335585,0.11924552679489656,8.0,-0.15
-27.7447829,-3.5823092,0.09915632679489664,8.0,-0.15
-27.5505493,-3.5349231,0.07949242679489657,8.0,-0.15
-27.3554216,-3.4913238,0.06023192679489667,8.0,-0.15
-27.1594573,-3.4514439,0.04136152679489649,8.0,-0.15
-26.9628503,-3.4152429,0.022880426794896463,8.0,-0.15
-26.7655587,-3.3826356,0.004768126794896604,8.0,-0.15
-26.5677465,-3.3535752,-0.012975873205103378,8.0,-0.15
-26.3694495,-3.3279927,-0.030359473205103432,8.0,-0.15
-26.1707121,-3.3058225,-0.047390673205103345,8.0,-0.15
-25.9716769,-3.2870096,-0.06407037320510342,8.0,-0.15
-25.7723195,-3.2714822,-0.08041307320510346,8.0,-0.15
-25.5727565,-3.2591824,-0.09642037320510352,8.0,-0.15
-25.3730228,-3.2500455,-0.11209687320510339,8.0,-0.15
-25.1731534,-3.2440075,-0.12744817320510346,8.0,-0.15
-24.9732436,-3.2410063,-0.14247557320510337,8.0,-0.15
-24.7732895,-3.2409778,-0.15718737320510354,8.0,-0.15
-24.5733653,-3.2438594,-0.1715850732051035,8.0,-0.15
-24.3735028,-3.2495879,-0.18567187320510334,8.0,-0.15
-24.1737305,-3.2581008,-0.1994517732051034,8.0,-0.15
-23.9741054,-3.2693345,-0.21292717320510354,8.0,-0.15
-23.77464,-3.2832276,-0.22610217320510348,8.0,-0.15
-23.5753739,-3.2997176,-0.23897887320510333,8.0,-0.15
-23.3763349,-3.3187423,-0.2515590732051035,8.0,-0.15
-23.1775467,-3.3402404,-0.26384567320510344,8.0,-0.15
-22.9790325,-3.3641504,-0.27584127320510354,8.0,-0.15
-22.7808199,-3.3904107,-0.2875475732051035,8.0,-0.15
-22.5829203,-3.4189616,-0.2989664732051035,8.0,-0.15
-22.3853562,-3.4497417,-0.3100965732051034,8.0,-0.15
-22.1881483,-3.4826894,-0.32093897320510345,8.0,-0.15
-21.991291,-3.5177476,-0.3314969732051035,8.0,-0.15
-21.7948218,-3.554852,-0.3417713732051034,8.0,-0.15
-21.5987312,-3.5939469,-0.35176417320510345,8.0,-0.15
-21.4030359,-3.6349715,-0.36147417320510355,8.0,-0.15
-21.2077552,-3.6778638,-0.3709013732051035,8.0,-0.15
-21.0128583,-3.722573,-0.23004687320510353,8.0,0.0
-20.8183902,-3.7690307,-0.23890837320510339,8.0,0.0
-20.6243257,-3.8171847,-0.24748707320510355,8.0,0.0
-20.4306735,-3.8669742,-0.25577937320510347,8.0,0.0
-20.2374506,-3.9183354,-0.2637845732051034,8.0,0.0
-20.0446091,-3.9712221,-0.27150417320510334,8.0,0.0
-19.8521955,-4.025562,-0.27893577320510343,8.0,0.0
-19.6601738,-4.0813055,-0.2860807732051034,8.0,0.0
-19.4685452,-4.1383926,-0.2929379732051034,8.0,0.0
-19.2773234,-4.1967589,-0.29950697320510344,8.0,0.0
-19.0864499,-4.2563622,-0.3057886732051034,8.0,0.0
-18.8959683,-4.3171286,-0.3117808732051035,8.0,0.0
-18.7058368,-4.3790107,-0.31748437320510337,8.0,0.0
-18.5160496,-4.4419495,-0.32289807320510344,8.0,0.0
-18.3266154,-4.505881,-0.32802127320510355,8.0,0.0
-18.1374728,-4.5707648,-0.33285437320510347,8.0,0.0
-17.948657,-4.6365271,-0.3373955732051035,8.0,0.0
-17.7601249,-4.7031213,-0.3416450732051035,8.0,0.0
-17.5718649,-4.7704895,-0.34560157320510343,8.0,0.0
-17.3838793,-4.8385684,-0.3492643732051035,8.0,0.0
-17.1961096,-4.9073169,-0.3526336732051034,8.0,0.0
-17.0085794,-4.9766638,-0.35570807320510345,8.0,0.0
-16.8212477,-5.0465612,-0.35848747320510355,8.0,0.0
-16.6340981,-5.1169523,-0.36097067320510345,8.0,0.0
-16.4471253,-5.1877755,-0.36315697320510343,8.0,0.0
-16.2602801,-5.2589862,-0.36504617320510335,8.0,0.0
-16.0735702,-5.3305176,-0.3666370732051034,8.0,0.0
-15.8869607,-5.4023193,-0.36792957320510333,8.0,0.0
-15.7004315,-5.4743349,-0.3689224732051035,8.0,0.0
-15.5139698,-5.5465051,-0.36961547320510335,8.0,0.0
-15.3275387,-5.6187799,-0.37000787320510353,8.0,0.0
-15.1411299,-5.6910978,-0.3700988732051034,8.0,0.0
-14.9547163,-5.7634048,-0.3698883732051035,8.0,0.0
-14.7682754,-5.8356448,-0.3693751732051034,8.0,0.0
-14.5817874,-5.9077606,-0.36855917320510345,8.0,0.0
-14.3952303,-5.9796956,-0.3674396732051035,8.0,0.0
-14.2085801,-6.051394,-0.36601607320510343,8.0,0.0
-14.021819,-6.1227976,-0.3642882732051034,8.0,0.0
-13.8349238,-6.1938499,-0.3622552732051034,8.0,0.0
-13.6478689,-6.2644953,-0.3599169732051035,8.0,0.0
-13.4606479,-6.3346712,-0.3572730732051035,8.0,0.0
-13.2732233,-6.404326,-0.3543227732051035,8.0,0.0
-13.0855875,-6.4733974,-0.35106637320510337,8.0,0.0
-12.8977179,-6.5418284,-0.34750307320510343,8.0,0.0
-12.7095857,-6.609564,-0.34363257320510354,8.0,0.0
-12.5211986,-6.6765364,-0.33945537320510355,8.0,0.0
-12.3325107,-6.7426966,-0.33497087320510355,8.0,0.0
-12.1435231,-6.8079792,-0.3301797732051035,8.0,0.0
-11.9542166,-6.8723261,-0.32508267320510353,8.0,0.0
-11.7645623,-6.9356825,-0.31967957320510343,8.0,0.0
-11.5745791,-6.9979777,-0.3139719732051034,8.0,0.0
-11.3842193,-7.0591633,-0.15795957320510348,8.0,0.15
-11.1934913,-7.1191726,-0.15164317320510348,8.0,0.15
-11.0023812,-7.1779464,-0.14502387320510338,8.0,0.15
-10.8108643,-7.2354288,-0.13810097320510342,8.0,0.15
-10.6189657,-7.2915491,-0.1308765732051035,8.0,0.15
-10.4266445,-7.3462565,-0.12334957320510345,8.0,0.15
-10.233913,-7.3994845,-0.11552077320510348,8.0,0.15
-10.0407653,-7.4511724,-0.1073905732051034,8.0,0.15
-9.8471856,-7.5012616,-0.09895807320510355,8.0,0.15
-9.6531979,-7.549684,-0.09022507320510345,8.0,0.15
-9.4587786,-7.5963833,-0.08119087320510335,8.0,0.15
-9.2639419,-7.6412941,-0.07185417320510337,8.0,0.15
-9.0686896,-7.6843535,-0.06220937320510336,8.0,0.15
-8.8730159,-7.7254992,-0.052254573205103544,8.0,0.15
-8.6769486,-7.7646578,-0.04192607320510336,8.0,0.15
-8.4804701,-7.8017484,-0.03116417320510348,8.0,0.15
-8.2835961,-7.8366788,-0.019942973205103437,8.0,0.15
-8.0863355,-7.86934,-0.00812367320510346,8.0,0.15
-7.8886922,-7.8996063,0.004316826794896617,8.0,0.15
-7.6906764,-7.9273508,0.017370526794896562,8.0,0.15
-7.4923134,-7.9524475,0.03103042679489651,8.0,0.15
-7.2936145,-7.9747724,0.04529692679489647,8.0,0.15
-7.0946111,-7.9942014,0.06015532679489652,8.0,0.15
-6.8953515,-8.0106113,0.07560622679489656,8.0,0.15
-6.6958295,-8.023883,0.0916536267948965,8.0,0.15
-6.4961411,-8.0338908,0.1082959267948965,8.0,0.15
-6.2963019,-8.0405142,0.12554122679489663,8.0,0.15
-6.0963727,-8.0436301,0.14339272679489654,8.0,0.15
-5.8964545,-8.0431159,0.1618541267948966,8.0,0.15
-5.6965243,-8.0388477,0.18093992679489665,8.0,0.15
-5.4967568,-8.0307043,0.2006487267948965,8.0,0.15
-5.2971789,-8.0185613,0.22099462679489665,8.0,0.15
-5.0978853,-8.0022957,0.24198532679489645,8.0,0.15
-4.8990335,-7.9817914,0.2636257267948966,7.9626833,0.15
-4.700603,-7.9569127,0.2859392267948965,7.924492,0.15
-4.5028416,-7.9275548,0.3089238267948965,7.8864839,0.15
-4.3058035,-7.8935891,0.3326001267948965,7.8486581,0.15
-4.1096265,-7.8548971,0.35697952679489664,7.8110137,0.15
-3.9145214,-7.8113775,0.38206982679489665,7.7735499,0.15
-3.7205065,-7.762885,0.4079023267948966,7.7362657,0.15
-3.527884,-7.7093414,0.4344775267948965,7.6991604,0.15
-3.3367613,-7.650621,0.46182122679489657,7.6622331,0.15
-3.1473294,-7.5866198,0.4899462267948965,7.6254828,0.15
-2.9598434,-7.5172589,0.5188655267948966,7.5889089,0.15
-2.7744154,-7.4424062,0.5486136267948966,7.5525103,0.15
-2.5913646,-7.3620105,0.5792007267948965,7.5162863,0.15
-2.4108932,-7.2759753,0.6106554267948966,7.4802361,0.15
-2.2332503,-7.1842239,0.6430062267948965,7.4443588,0.15
-2.0587195,-7.0866984,0.6762779267948965,7.4086535,0.15
-1.8875926,-6.9833485,0.7105051267948966,7.3731195,0.15
-1.7201331,-6.8741036,0.7457368267948966,7.3377559,0.15
-1.5567059,-6.7589623,0.7819426267948966,7.302562,0.15
-1.3975994,-6.6379137,0.8189477267948966,7.2675368,0.15
-1.2430805,-6.5109558,0.8567760267948966,7.2326797,0.15
-1.093576,-6.3783125,0.8945100267948966,7.1979897,0.15
-0.9490543,-6.2401053,0.9315044267948965,7.1634661,0.15
-0.8097158,-6.0967245,0.9677408267948966,7.1291081,0.15
-0.6756016,-5.9484616,1.0030224267948966,7.0949149,0.15
-0.5466812,-5.7955632,1.0373793267948965,7.0608856,0.15
-0.4230834,-5.6384671,1.0708310267948966,7.0270196,0.15
-0.3046978,-5.4773161,1.1034472267948965,6.9933161,0.15
-0.1915755,-5.3124545,1.1352523267948966,6.9597741,0.15
-0.083692,-5.1441302,1.1662714267948964,6.9263931,0.15
0.0190075,-4.9725397,1.1965448267948964,6.8931721,0.15
0.1164996,-4.7980112,1.2260789267948966,6.8601105,0.15
0.2088774,-4.6206761,1.2549073267948965,6.8272075,0.15
0.2961629,-4.4407912,1.2830491267948965,6.7944623,0.15
0.378411,-4.2585555,1.3105181267948964,6.7618741,0.15
0.4556917,-4.0741334,1.3373399267948964,6.7294423,0.15
0.528048,-3.8877546,1.3635245267948966,6.697166,0.15
0.5955636,-3.6995515,1.3890909267948965,6.6650444,0.15
0.6583029,-3.5097041,1.4140553267948965,6.633077,0.15
0.7163395,-3.3183705,1.4384270267948964,6.6012629,0.15
0.7697531,-3.1256917,1.4622212267948964,6.5696014,0.15
0.8186224,-2.9318099,1.4854493267948965,6.5380917,0.15
0.8630293,-2.7368613,1.5081195267948964,6.5065896,0.15
0.9030599,-2.5409633,1.5302452267948965,6.4752255,0.15
0.9387997,-2.3442372,1.5518322267948965,6.4494339,0.15
0.9703356,-2.1468049,1.5728888267948964,6.4287848,0.15
0.9977619,-1.9487388,1.5934261267948964,6.4128509,0.15
1.0211646,-1.7501734,1.6134454267948966,6.4012894,0.15
1.040639,-1.5511782,1.6329568267948964,6.3937527,0.15
1.056278,-1.3518416,1.6519621267948965,6.3899401,0.15
1.068175,-1.1522669,1.6704648267948965,6.3895921,0.15
1.0764284,-0.9524761,1.6884715267948964,6.3924414,0.15
1.0811326,-0.7525924,1.7059776267948965,6.3983145,0.15
1.0823861,-0.5526523,1.7230003267948966,6.4069963,0.15
1.0802791,-0.352714,1.7395995267948965,6.4180474,0.15
1.0748956,-0.1528569,1.6057856267948964,6.4310783,0.0
