1.0748956,-0.1528569,0.0349893,6.4310783,0.1849893
1.066306,0.0469166,0.0509402,6.4459574,0.20094019999999999
1.0545386,0.2465104,0.0668258,6.4603765,0.2168258
1.0396077,0.4458964,0.0826618,6.4743457,0.23266179999999997
1.0215198,0.6450256,0.0985164,6.4875975,0.2485164
1.0002757,0.8438271,0.1144029,6.4998704,0.2644029
0.9758694,1.0422891,0.1303289,6.5111965,0.2803289
0.948304,1.2403209,0.1462955,6.5216018,0.2962955
0.9175751,1.4378904,0.1623084,6.5311136,0.3123084
0.8836811,1.634946,0.1783719,6.5397572,0.3283719
0.8466241,1.8314144,0.1944885,6.5475557,0.3444885
0.8063948,2.0272831,0.2106657,6.5545306,0.3606657
0.7629999,2.222458,0.2269045,6.5607013,0.3769045
0.7164341,2.4169046,0.243211,6.5660859,0.393211
0.6666958,2.6105688,0.2595896,6.5707015,0.4095896
0.6137897,2.8033741,0.2760429,6.574563,0.4260429
0.5577038,2.9953044,0.2925787,6.577685,0.4425787
0.498449,3.186263,0.3091984,6.5800805,0.4591984
0.4360192,3.3762111,0.325908,6.581761,0.475908
0.3704139,3.5650908,0.3427122,6.5827389,0.49271220000000004
0.3016407,3.7528228,0.359614,6.5830239,0.509614
0.2296861,3.939384,0.3766215,6.5826255,0.5266215
0.154565,4.124676,0.3937366,6.5815502,0.5437366
0.0762721,4.3086539,0.4109658,6.579805,0.5609658
-0.0051913,4.4912548,0.4283138,6.5773989,0.5783138
-0.0898149,4.6723964,0.4457843,6.5743379,0.5957843
-0.1776109,4.8520452,0.4633858,6.5706283,0.6133858
-0.2685609,5.0301029,0.4811214,6.5662683,0.6311213999999999
-0.362668,5.2065153,0.4989979,6.5612621,0.6489979
-0.4599281,5.3812134,0.5170223,6.5556099,0.6670223000000001
-0.5603282,5.5541122,0.5351989,6.549309,0.6851989
-0.6638764,5.7251633,0.5535371,6.5423642,0.7035371
-0.7705523,5.8942695,0.5720418,6.5347632,0.7220418000000001
-0.8803544,6.0613646,0.5907202,6.526509,0.7407202
-0.9932745,6.2263718,0.6095798,6.5176013,0.7595798
-1.1092973,6.3892036,0.6286263,6.5080355,0.7786263
-1.2284183,6.5497925,0.6478262,6.497816,0.7978262
-1.3506074,6.7080549,0.667144,6.4874818,0.817144
-1.475838,6.8639194,0.6865352,6.477001,0.8365352
-1.6040538,7.01734,0.7057039,6.4676602,0.8557039000000001
-1.7351692,7.1682953,0.7246067,6.4606476,0.8746067000000001
-1.8690872,7.3167597,0.7431931,6.4557743,0.8931931000000001
-2.0057193,7.4627394,0.7614151,6.4535786,0.9114151
-2.1449611,7.6062286,0.7792788,6.4538558,0.9292788000000001
-2.2867181,7.7472315,0.7967945,6.4563911,0.9467945
-2.4309059,7.8857609,0.8139689,6.4609961,0.9639689
-2.5774179,8.0218084,0.8308078,6.4675132,0.9808078
-2.7261862,8.1554013,0.8473199,6.4757688,0.9973199
-2.877116,8.2865417,0.8635092,6.4856371,1.0135091999999999
-3.030127,8.4152445,0.879383,6.4969846,1.029383
-3.1851516,8.541534,0.8949469,6.5096953,1.0449469
-3.342089,8.6654081,0.910204,6.5236719,1.060204
-3.5008905,8.7869054,0.9251619,6.538806,1.0751619
-3.6614706,8.9060354,0.939823,6.5550209,1.089823
-3.8237606,9.0228206,0.9541917,6.5722377,1.1041916999999999
-3.9877064,9.1372933,0.9682725,6.5903889,1.1182725
-4.153215,9.2494587,0.9820658,6.6094153,1.1320658
-4.3202509,9.3593619,0.9955765,6.629266,1.1455765
-4.4887381,9.4670201,1.008806,6.6498944,1.158806
-4.6586176,9.5724621,1.0217561,6.6712581,1.1717560999999999
-4.8298448,9.6757256,1.03443,6.6933223,1.1844299999999999
-5.0023371,9.7768253,1.0468276,6.7160507,1.1968276
-5.1760667,9.8758087,1.0589522,6.7394182,1.2089522
-5.3509678,9.9727007,1.0708048,6.7633964,1.2208047999999998
-5.5269898,10.0675355,1.0823865,6.7879623,1.2323864999999998
-5.7040951,10.1603541,1.0936995,6.8130975,1.2436995
-5.8822136,10.2511804,1.1047436,6.8387808,1.2547435999999998
-6.0613212,10.3400623,1.115521,6.8650014,1.265521
-6.2413627,10.4270317,1.1260324,6.8917434,1.2760323999999998
-6.4222952,10.5121269,1.1362784,6.9189954,1.2862783999999998
-6.604086,10.5953911,1.1462606,6.9467496,1.2962605999999999
-6.7866785,10.6768563,1.1559787,6.9749946,1.3059786999999998
-6.9700498,10.75657,1.1654343,7.0037281,1.3154343
-7.1541551,10.8345699,1.1746277,7.0329428,1.3246277
-7.3389583,10.9108975,1.1835594,7.0626348,1.3335594
-7.5244304,10.9855975,1.1922303,7.092803,1.3422303
-7.7105283,11.0587086,1.2006403,7.123443,1.3506403
-7.8972283,11.1302776,1.2087902,7.1545579,1.3587901999999998
-8.0844959,11.2003468,1.2166804,7.1861463,1.3666804
-8.2723009,11.2689603,1.2243109,7.2182096,1.3743109
-8.4606165,11.3361637,1.2316824,7.2507511,1.3816823999999999
-8.649413,11.4020012,1.238795,7.2837718,1.388795
-8.8386646,11.4665188,1.2456488,7.317278,1.3956487999999998
-9.0283464,11.5297624,1.2522443,7.3512727,1.4022443
-9.2184331,11.5917782,1.2585812,7.3857613,1.4085812
-9.4088994,11.6526122,1.26466,7.4207505,1.4146599999999998
-9.5997277,11.712313,1.2704807,7.456245,1.4204807
-9.7908899,11.7709259,1.2760431,7.4922544,1.4260431
-9.9823688,11.8284995,1.2813477,7.5287852,1.4313477
-10.1741438,11.8850816,1.2863944,7.5658443,1.4363944
-10.3661907,11.9407187,1.2911833,7.6034401,1.4411832999999998
-10.5585014,11.9954615,1.2957236,7.6415804,1.4457236
-10.7510477,12.0493524,1.300024,7.68014,1.450024
-10.9438191,12.1024383,1.3040859,7.719132,1.4540859
-11.1367995,12.1547634,1.3079163,7.758533,1.4579163
-11.3299674,12.2063697,1.3115163,7.7983212,1.4615163
-11.5233231,12.257305,1.3148862,7.8385114,1.4648861999999998
-11.7168371,12.3076089,1.3180257,7.8791194,1.4680256999999999
-11.9105042,12.3573279,1.3209349,7.9201601,1.4709348999999998
-12.1043112,12.4065059,1.3236139,7.9616484,1.4736139
-12.2982359,12.455185,1.3260625,8.0,1.4760624999999998
-12.4922857,12.5034144,1.328281,8.0,1.478281
-12.6864282,12.5512335,1.3302691,8.0,1.4802691
-12.8806622,12.5986895,1.332027,8.0,1.482027
-13.0749761,12.6458268,1.3335545,8.0,1.4835544999999999
-13.2693469,12.6926874,1.3348515,8.0,1.4848515
-13.4637875,12.7393218,1.3359181,8.0,1.4859181
-13.6582624,12.7857687,1.3367543,8.0,1.4867542999999999
-13.8527734,12.8320761,1.33736,8.0,1.48736
-14.0473097,12.8782887,1.3377351,8.0,1.4877350999999999
-14.2418471,12.9244482,1.3378794,8.0,1.4878794
-14.4364023,12.9706059,1.337793,8.0,1.487793
-14.6309371,13.0168003,1.3374758,8.0,1.4874758
-14.8254547,13.0630795,1.3369277,8.0,1.4869276999999999
-15.0199444,13.1094885,1.3361485,8.0,1.4861484999999999
-15.2143808,13.1560687,1.3351383,8.0,1.4851382999999998
-15.4087823,13.202872,1.3338967,8.0,1.4838966999999998
-15.6031082,13.2499362,1.332424,8.0,1.482424
-15.7973622,13.2973097,1.3307199,8.0,1.4807199
-15.9915325,13.3450375,1.3287842,8.0,1.4787842
-16.1855925,13.3931604,1.326617,8.0,1.4766169999999998
-16.3795601,13.4417309,1.3242179,8.0,1.4742179
-16.5733928,13.4907859,1.321587,8.0,1.471587
-16.7670933,13.540374,1.3187241,8.0,1.4687241
-16.9606479,13.5905396,1.3156289,8.0,1.4656289
-17.1540287,13.6413234,1.3123017,8.0,1.4623016999999998
-17.3472511,13.6927775,1.3087416,8.0,1.4587416
-17.5402711,13.7449384,1.3049491,8.0,1.4549490999999999
-17.7330889,13.7978543,1.3009237,8.0,1.4509237
-17.9256885,13.8515691,1.2966651,8.0,1.4466651
-18.1180402,13.9061229,1.2921735,8.0,1.4421735
-18.3101548,13.9615673,1.287448,8.0,1.4374479999999998
-18.5019876,14.0179381,1.2824889,8.0,1.4324888999999998
-18.6935349,14.0752828,1.2772957,8.0,1.4272957
-18.8847772,14.1336446,1.271868,8.0,1.421868
-19.0756831,14.1930628,1.266206,8.0,1.4162059999999999
-19.2662569,14.253588,1.2603086,8.0,1.4103085999999998
-19.4564534,14.3152552,1.254176,8.0,1.4041759999999999
-19.6462635,14.3781109,1.2478077,8.0,1.3978077
-19.8356637,14.4421971,1.2412031,8.0,1.3912030999999998
-20.0246207,14.5075524,1.2343622,8.0,1.3843622
-20.2131301,14.5742252,1.2272838,8.0,1.3772837999999998
-20.4011467,14.6422502,1.2199681,8.0,1.3699681
-20.5886547,14.7116719,1.2124142,8.0,1.3624142
-20.7756259,14.7825309,1.2046217,8.0,1.3546216999999998
-20.9620245,14.8548646,1.1965901,8.0,1.3465901
-21.147836,14.9287188,1.1883183,8.0,1.3383182999999998
-21.3330153,15.0041273,1.1798061,8.0,1.3298060999999999
-21.5175383,15.0811323,1.1710525,8.0,1.3210525
-21.7013715,15.1597722,1.1620569,8.0,1.3120569
-21.8844765,15.2400831,1.1528186,8.0,1.3028186
-22.0668271,15.3221067,1.1433365,8.0,1.2933365
-22.2483779,15.4058763,1.1336099,8.0,1.2836098999999999
-22.4290961,15.4914305,1.1236375,8.0,1.2736375
-22.6089417,15.578805,1.1134181,8.0,1.2634181
-22.7878708,15.6680334,1.1029507,8.0,1.2529507
-22.965845,15.7591503,1.0922569,8.0,1.2422568999999999
-23.1428284,15.8521854,1.0813539,8.0,1.2313539
-23.3187719,15.9471573,1.0703097,8.0,1.2203096999999998
-23.493665,16.044056,1.0594293,8.0,1.2094292999999998
-23.6675167,16.142842,1.0487491,8.0,1.1987491
-23.8402958,16.2434448,1.0383499,8.0,1.1883499
-24.0120529,16.3458197,1.0282871,8.0,1.1782871
-24.1827826,16.4498853,1.0185604,8.0,1.1685603999999998
-24.3525083,16.5555772,1.0091684,8.0,1.1591684
-24.5212614,16.6628366,1.0001095,8.0,1.1501095
-24.6890391,16.7715826,0.9913842,8.0,1.1413842
-24.8558911,16.8817681,0.9829904,8.0,1.1329904
-25.0218261,16.9933195,0.9749281,8.0,1.1249281
-25.1868745,17.1061774,0.9671963,8.0,1.1171963
-25.3510718,17.2202863,0.959794,8.0,1.109794
-25.5144269,17.3355721,0.9527215,8.0,1.1027215
-25.676991,17.4519903,0.9459775,8.0,1.0959775
-25.8387812,17.5694723,0.9395621,8.0,1.0895621
-25.9998338,17.6879634,0.9334747,8.0,1.0834747
-26.1601881,17.8074113,0.9277149,8.0,1.0777149
-26.3198609,17.9277467,0.9222827,8.0,1.0722827
-26.4789059,18.048928,0.9171775,8.0,1.0671775
-26.6373459,18.1708906,0.9123992,8.0,1.0623992
-26.7952215,18.2935832,0.9079477,8.0,1.0579477
-26.9525754,18.4169563,0.9038224,8.0,1.0538224
-27.1094295,18.5409441,0.9000238,8.0,1.0500238
-27.2658397,18.6655077,0.8965511,8.0,1.0465511
-27.4218327,18.7905849,0.8934045,8.0,1.0434045
-27.577452,18.9161272,0.8905838,8.0,1.0405838
-27.7327427,19.0420873,0.8880887,8.0,1.0380886999999999
-27.8877298,19.1684014,0.8859194,8.0,1.0359194
-28.0424708,19.2950327,0.8840756,8.0,1.0340756
-28.1969948,19.4219206,0.8825571,8.0,1.0325571
-28.3513468,19.5490181,0.8813638,8.0,1.0313638
-28.505573,19.676279,0.8804954,8.0,1.0304954
-28.6597006,19.8036415,0.8799525,8.0,1.0299525
-28.8137868,19.9310684,0.8797351,8.0,1.0297351
-28.9678622,20.0585005,0.8798428,8.0,1.0298428
-29.1219722,20.1858914,0.8802739,8.0,1.0302739
-29.2761627,20.313195,0.8810284,8.0,1.0310284
-29.4304618,20.4403495,0.8821188,8.0,1.0321188
-29.5849284,20.567315,0.8835534,8.0,1.0335534
-29.7395956,20.6940294,0.8853342,8.0,1.0353341999999999
-29.8945105,20.8204408,0.8874692,8.0,1.0374691999999999
-30.0497215,20.9464969,0.8899593,8.0,1.0399593
-30.205262,21.0721335,0.8928047,8.0,1.0428047
-30.361186,21.1973028,0.896006,8.0,1.046006
-30.5175303,21.3219431,0.8995631,8.0,1.0495630999999999
-30.6743389,21.4459985,0.903476,8.0,1.0534759999999999
-30.8316556,21.5694128,0.9077449,8.0,1.0577448999999999
-30.9895171,21.6921244,0.9123698,8.0,1.0623698
-31.1479674,21.8140773,0.9173513,8.0,1.0673513
-31.3070449,21.9352111,0.9226893,8.0,1.0726893
-31.4667877,22.0554652,0.9283842,8.0,1.0783842
-31.6272337,22.1747787,0.9344364,8.0,1.0844364
-31.7884217,22.2930912,0.9408461,8.0,1.0908461
-31.9503833,22.4103376,0.9476139,8.0,1.0976139
-32.1131575,22.5264574,0.9547401,8.0,1.1047401
-32.2767752,22.6413846,0.9622254,8.0,1.1122254
-32.441266,22.7550522,0.9700702,8.0,1.1200702
-32.6066695,22.8674,0.9782755,8.0,1.1282755
-32.7730035,22.9783532,0.9868416,8.0,1.1368416
-32.9403054,23.0878495,0.9957698,8.0,1.1457698
-33.1085971,23.195817,1.0050607,8.0,1.1550607
-33.2778988,23.3021821,1.0147152,8.0,1.1647151999999998
-33.4482481,23.4068825,1.0247351,8.0,1.1747351
-33.6196481,23.5098343,1.0351208,8.0,1.1851208
-33.7921317,23.6109717,1.0458743,8.0,1.1958742999999998
-33.9657106,23.7102162,1.0569967,8.0,1.2069967
-34.1403933,23.8074876,1.0684893,8.0,1.2184892999999999
-34.3162128,23.9027192,1.0803551,8.0,1.2303551
-34.4931562,23.995819,1.0925944,8.0,1.2425944
-34.671249,24.0867159,1.1052105,8.0,1.2552105
-34.8504905,24.1753246,1.1182052,8.0,1.2682052
-35.0308761,24.2615582,1.1315803,8.0,1.2815803
-35.2124297,24.3453435,1.1453401,8.0,1.2953401
-35.395122,24.426582,1.1594855,8.0,1.3094854999999999
-35.5789672,24.5051952,1.1740209,8.0,1.3240208999999998
-35.7639498,24.5810915,1.1889491,8.0,1.3389491
-35.9500502,24.6541776,1.204273,8.0,1.3542729999999998
-36.1372777,24.7243716,1.2199981,8.0,1.3699980999999999
-36.3255868,24.7915705,1.2361267,8.0,1.3861267
-36.5149747,24.8556871,1.2526642,8.0,1.4026641999999998
-36.705409,24.9166237,1.269615,8.0,1.4196149999999998
-36.8968526,24.9742812,1.2869833,8.0,1.4369832999999999
-37.0892933,25.0285681,1.3047764,8.0,1.4547763999999999
-37.2826695,25.0793783,1.3229986,8.0,1.4729986
-37.4769548,25.1266155,1.3416565,8.0,1.4916565
-37.6720969,25.1701766,1.3607558,8.0,1.5107557999999999
-37.8680381,25.2099581,1.3803026,8.0,1.5303026
-38.0647358,25.2458585,1.4003098,8.0,1.5503098
-38.2621141,25.2777696,1.4207871,7.9815987,1.5707871
-38.4601124,25.3055855,1.4417392,7.9433167,1.5917392
-38.6586562,25.3292005,1.4631638,7.9052183,1.6131638
-38.8576636,25.3485088,1.4850636,7.8673026,1.6350635999999998
-39.0570472,25.3634337,1.507081,7.8295688,1.6570809999999998
-39.2567138,25.3739748,1.5290089,7.792016,1.6790089
-39.4565621,25.3801453,1.5508138,7.7546432,1.7008138
-39.6564971,25.381983,1.5723502,7.7174498,1.7223502
-39.8564262,25.3795421,1.5936148,7.6804347,1.7436148
-40.0562593,25.3728768,1.6146192,7.6435972,1.7646191999999998
-40.2559086,25.3620412,1.6353727,7.6069363,1.7853727
-40.4552925,25.3470889,1.6558852,7.5704513,1.8058851999999999
-40.6543298,25.3280734,1.6761663,7.5341413,1.8261663
-40.8529426,25.3050478,1.696224,7.4980054,1.8462239999999999
-41.0510561,25.2780647,1.716068,7.4620428,1.8660679999999998
-41.2486003,25.247176,1.7357062,7.4262528,1.8857062
-41.4454998,25.2124344,1.755146,7.3906343,1.905146
-41.6416923,25.1738901,1.7743967,7.3551868,1.9243967
-41.8371141,25.1315936,1.793465,7.3199092,1.943465
-42.0316873,25.0855983,1.8123577,7.2848009,1.9623576999999999
-42.2253746,25.0359483,1.8310838,7.2498609,1.9810838
-42.4180892,24.9826996,1.8496471,7.2150885,1.9996471
-42.6097919,24.9258961,1.8680571,7.1804829,2.0180571
-42.8004334,24.8655834,1.8863194,7.1460433,2.0363194
-42.9899169,24.801823,1.9044392,7.1117688,2.0544392
-43.1782516,24.7346402,1.9224289,7.0776588,2.0724289000000002
-43.3653228,24.6641003,1.9403629,7.0435357,2.0903629
-43.5511019,24.5901962,1.9584928,7.0093618,2.1084928
-43.735529,24.5129048,1.9768569,6.9757429,2.1268569
-43.9184282,24.4321942,1.9961084,6.9422853,2.1461084
-44.0997307,24.3478437,2.016615,6.9089881,2.1666149999999997
-44.2791814,24.2596982,2.0383143,6.8758506,2.1883143
-44.4566379,24.1675847,2.0610312,6.8428721,2.2110312
-44.6319325,24.0713612,2.0847647,6.8100517,2.2347647
-44.8048006,23.9709446,2.1094843,6.7773888,2.2594843
-44.9751181,23.8661787,2.1352023,6.7448825,2.2852023
-45.1426109,23.7569968,2.1619231,6.7125322,2.3119231
-45.3070713,23.6432936,2.1896644,6.680337,2.3396643999999998
-45.4682687,23.5249767,2.2184516,6.6482962,2.3684515999999998
-45.6259061,23.402004,2.2482952,6.6164091,2.3982951999999997
-45.7797479,23.2742874,2.2792322,6.5846749,2.4292322
-45.9294893,23.1417922,2.3112858,6.5530929,2.4612857999999997
-46.0748265,23.0044859,2.3444858,6.5216624,2.4944858
-46.2154422,22.8623476,2.378874,6.4903827,2.528874
-46.3510047,22.7153696,2.4144841,6.459253,2.5644841
-46.4811396,22.563592,2.4513628,6.4282726,2.6013628
-46.6055011,22.4070197,2.489565,6.3974408,2.6395649999999997
-46.7236764,22.2457397,2.5291373,6.3667568,2.6791373
-46.8352439,22.0798554,2.5701473,6.3362201,2.7201473
-46.9398223,21.9094028,2.6126734,6.3058298,2.7626733999999997
-47.036888,21.7346452,2.6567787,6.2755852,2.8067786999999997
-47.1260294,21.5556522,2.7025721,6.2454857,2.8525720999999997
-47.2067176,21.3727111,2.7501287,6.2155306,2.9001287
-47.2784185,21.1861414,2.7995567,6.1857192,2.9495567
-47.3407016,20.9960594,2.8505745,6.1560507,3.0005745
-47.3930364,20.8031642,2.9029984,6.1265245,3.0529984
-47.4350821,20.6077087,2.9561969,6.09714,3.1061969
-47.4668813,20.410317,3.0071184,6.0678964,3.1571184
-47.4888327,20.2116641,3.0555578,6.038793,3.2055578
-47.5013817,20.0120994,3.1016293,6.0098293,3.2516293
-47.5049654,19.8122251,-3.1378776,5.9810044,-2.9878776
-47.5000505,19.6123771,-3.0965018,5.9523179,-3.2465018
-47.4870908,19.4128689,-3.05731,5.9237688,-3.20731
-47.4665358,19.2139858,-3.0202535,5.8953568,-3.1702535
-47.4388391,19.0160097,-2.9852806,5.867081,-3.1352805999999998
-47.4044282,18.819033,-2.9523433,5.8389408,-3.1023433
-47.3637565,18.6233,-2.9214202,5.8106643,-3.0714202
-47.3172406,18.4288539,-2.8924741,5.7839014,-3.0424740999999997
-47.2652935,18.235741,-2.8654787,5.7707876,-3.0154787
-47.2083631,18.0441263,-2.8404214,5.769946,-2.9904214
-47.1468041,17.8538576,-2.8172642,5.7802264,-2.9672642
-47.0810537,17.6650558,-2.7960033,5.80068,-2.9460033
-47.0114745,17.4776141,-2.7766157,5.8304707,-2.9266156999999997
-46.938431,17.2914458,-2.7590869,5.8689538,-2.9090868999999997
-46.862336,17.1065855,-2.7434135,5.9155721,-2.8934135
-46.7834963,16.9228085,-2.7295758,5.9698898,-2.8795758
-46.7023015,16.740094,-2.7175712,6.0315764,-2.8675712
-46.6190835,16.5582883,-2.7073895,6.1003679,-2.8573895
-46.5341736,16.3772416,-2.6990245,6.1761007,-2.8490245
-46.4479246,16.196852,-2.6924702,6.2586731,-2.8424701999999997
-46.3606575,16.0169525,-2.6877215,6.348035,-2.8377215
-46.2726887,15.8373694,-2.6847746,6.444228,-2.8347746
-46.1843598,15.6579823,-2.6836232,6.547313,-2.8336232
-46.0959954,15.4786377,-2.6842681,6.6574339,-2.8342681
-46.0078755,15.2990924,-2.6867021,6.7545977,-2.8367021
-45.9203958,15.1193422,-2.6909223,6.8358491,-2.8409223
-45.8337959,14.9390609,-2.6969343,6.8424462,-2.8469343
-45.7484597,14.7582235,-2.7047256,6.7316495,-2.8547256
-45.66473,14.5767231,-2.7143034,6.6285184,-2.8643034
-45.5828327,14.394192,-2.7256751,6.5328629,-2.8756751
-45.503261,14.2108588,-2.7388257,6.4447015,-2.8888257
-45.4262074,14.0262646,-2.7537907,6.3640127,-2.9037907
-45.3521182,13.840538,-2.7705551,6.2909308,-2.9205551
-45.2813632,13.6536393,-2.7891344,6.2256604,-2.9391344
-45.2141834,13.4651608,-2.8095712,6.1684462,-2.9595712
-45.1511324,13.2755629,-2.831832,6.1197176,-2.981832
-45.092427,13.084319,-2.8559966,6.0799233,-3.0059966
-45.0385708,12.8917702,-2.8820434,6.0497244,-3.0320434
-44.9899568,12.6979338,-2.9100045,6.0207082,-3.0600045
-44.9469255,12.5025485,-2.9399555,5.9918312,-3.0899555
-44.910009,12.3062083,-2.971858,5.9630926,-3.121858
-44.8795386,12.1085009,-3.005843,5.934492,-3.155843
-44.8560258,11.9099811,-3.0419157,5.9060285,-3.1919157
-44.8399044,11.710772,-3.0801276,5.8777015,-3.2301276
-44.8316201,11.5109713,-3.1205482,5.8495103,-3.2705482
-44.831636,11.3111253,3.1200166,5.8214544,2.9700166
-44.8403979,11.1114128,3.0750791,5.7935331,3.2250791
-44.8583655,10.9123023,3.0277069,5.7657457,3.1777069
-44.8859659,10.7144171,2.9778816,5.7380915,3.1278816
-44.9236513,10.5181998,2.9253513,5.71057,3.0753513
-44.971945,10.3239497,2.8700463,5.6831805,3.0200462999999997
-45.0309383,10.1334325,2.812035,5.6559224,2.9620349999999998
-45.101437,9.9461485,2.7505587,5.628795,2.9005587
-45.1834447,9.7639284,2.6869335,5.6017977,2.8369334999999998
-45.2767116,9.5871903,2.6255369,5.5749299,2.7755369
-45.3807273,9.4159446,2.5663063,5.5481909,2.7163063
-45.4940444,9.2515395,2.5106336,5.5215802,2.6606335999999997
-45.6162536,9.0931322,2.4589953,5.4950972,2.6089953
-45.7461214,8.9410551,2.411244,5.4687411,2.561244
-45.8827795,8.7951378,2.3672752,5.4425115,2.5172752
-46.0255504,8.6550248,2.3269139,5.4164077,2.4769139
-46.1735396,8.5205933,2.2901349,5.3901774,2.4401349
-46.3261552,8.3914116,2.2569041,5.3722698,2.4069040999999998
-46.482786,8.2670799,2.2271471,5.3749831,2.3771470999999997
-46.6428254,8.1471985,2.2008357,5.3959436,2.3508356999999998
-46.8057054,8.0313303,2.1779597,5.4335183,2.3279597
-46.9711215,7.9188551,2.1584982,5.4863686,2.3084982
-47.1384022,7.8093978,2.1425,5.5537715,2.2925
-47.3072711,7.702312,2.1299509,5.6351132,2.2799509
-47.4773007,7.5970533,2.1208529,5.7299791,2.2708529
-47.6479955,7.4931137,2.1152233,5.8382509,2.2652232999999997
-47.8192526,7.3897437,2.11307,5.9600387,2.26307
-47.9904423,7.286509,2.1144132,6.0956915,2.2644132
-48.1613401,7.1827276,2.119263,6.2087654,2.269263
-48.3315659,7.0778088,2.127627,6.2948228,2.277627
-48.5006538,6.9712148,2.1395069,6.3545427,2.2895069
-48.6683592,6.8622656,2.1549312,6.3887893,2.3049312
-48.8341123,6.7504843,2.1739085,6.3984369,2.3239085
-48.9975201,6.6352845,2.1963257,6.3811233,2.3463257
-49.1581413,6.5162101,2.2215987,6.3505176,2.3715987
-49.3155114,6.3929105,2.2496545,6.3200588,2.3996545
-49.4692136,6.2650933,2.2795332,6.289746,2.4295332
-49.6189915,6.1326302,2.3104945,6.2595786,2.4604945
-49.7644997,5.9955483,2.3423366,6.2295558,2.4923366
-49.9055712,5.8538879,2.3742075,6.1996771,2.5242074999999997
-50.0421162,5.7077463,2.4060437,6.1699417,2.5560437
-50.1738875,5.5574509,2.4373612,6.1403489,2.5873611999999997
-50.3010082,5.4030865,2.4678629,6.1108981,2.6178629
-50.4234085,5.244988,2.4975698,6.0815885,2.6475698
-50.5411145,5.0833778,2.526512,6.0524195,2.676512
-50.6541817,4.9184315,2.554726,6.0233904,2.704726
-50.7625743,4.750457,2.5822286,5.9942207,2.7322286
-50.8663879,4.5795613,2.6090604,5.9692595,2.7590604
-50.9656284,4.4059889,2.63524,5.9502092,2.78524
-51.0603435,4.2299114,2.6608065,5.9363705,2.8108065
-51.1505929,4.05147,2.6857841,5.9271662,2.8357840999999997
-51.2363899,3.8708951,2.7101981,5.9221055,2.8601981
-51.3178146,3.6882721,2.7340849,5.9206141,2.8840849
-51.3948977,3.5037867,2.7574576,5.9223338,2.9074576
-51.4676925,3.3175712,2.7803443,5.9268726,2.9303443
-51.5362587,3.1297339,2.8027621,5.9339084,2.9527620999999997
-51.6006303,2.9404519,2.8247228,5.9431803,2.9747228
-51.6608784,2.7497944,2.8462467,5.9544195,2.9962467
-51.7170487,2.5579025,2.8673417,5.9674304,3.0173417
-51.7691987,2.3648826,2.8880163,5.9820401,3.0380163
-51.8173905,2.1708222,2.9082813,5.9981036,3.0582813
-51.8616757,1.9758521,2.9281378,6.0154773,3.0781378
-51.9021229,1.7800382,2.947592,6.0340952,3.097592
-51.9387919,1.5834839,2.9666497,6.0538425,3.1166497
-51.9717472,1.3862751,2.9853119,6.0746405,3.1353119
-52.001056,1.1884865,3.0035853,6.096425,3.1535853
-52.0267836,0.9902048,3.0214726,6.1191093,3.1714726
-52.0489987,0.7914976,3.0389773,6.142658,3.1889773
-52.0677701,0.5924342,3.0561048,6.167004,3.2061048
-52.0831668,0.393082,3.0728564,6.1921005,3.2228564
-52.095259,0.1935057,3.0892363,6.2179127,3.2392363
-52.1041179,-0.0062481,3.1052484,6.2443909,3.2552483999999997
-52.1098137,-0.2061104,3.1208935,6.2715189,3.2708935
-52.1124185,-0.40604,3.1361765,6.2992606,3.2861765
-52.1120037,-0.6059874,-3.132087,6.3275915,-2.982087
-52.1086415,-0.8058969,-3.1175243,6.3564967,-3.2675243
-52.1024035,-1.0057543,-3.1033165,6.3859501,-3.2533165
-52.0933629,-1.2054922,-3.0894644,6.4159492,-3.2394644
-52.0815914,-1.4050918,-3.0759645,6.4464774,-3.2259645
-52.0671613,-1.6045196,-3.062816,6.4775256,-3.212816
-52.0501465,-1.8037293,-3.0500182,6.5090918,-3.2000181999999997
-52.0306161,-2.0027305,-3.0375676,6.5411654,-3.1875676
-52.0086459,-2.2014619,-3.025466,6.5737537,-3.175466
-51.9843064,-2.399921,-3.0137106,6.6068525,-3.1637106
-51.9576694,-2.5980888,-3.0023013,6.6404627,-3.1523013
-51.9288097,-2.7959293,-2.991238,6.6745905,-3.141238
-51.8977934,-2.9934667,-2.9805178,6.7092352,-3.1305178
-51.8646978,-3.190651,-2.9701423,6.7444056,-3.1201423
-51.8295912,-3.3874906,-2.9601098,6.7801064,-3.1101098
-51.7925445,-3.5839789,-2.9504196,6.8163432,-3.1004196
-51.7536321,-3.7800909,-2.9410723,6.8531252,-3.0910723
-51.7129172,-3.9758588,-2.9320657,6.8904587,-3.0820657
-51.6704773,-4.1712457,-2.9234018,6.9283596,-3.0734018
-51.6263789,-4.3662676,-2.9150794,6.966838,-3.0650794
-51.5806911,-4.5609278,-2.9070981,7.0059045,-3.0570980999999997
-51.5334875,-4.7552129,-2.8994586,7.0455722,-3.0494586
-51.4848296,-4.9491573,-2.8921599,7.085853,-3.0421598999999997
-51.4347935,-5.1427393,-2.8852036,7.1267682,-3.0352036
-51.3834446,-5.3359786,-2.8785891,7.1683318,-3.0285891
-51.3308507,-5.5288866,-2.8723168,7.2105596,-3.0223168
-51.2770833,-5.7214614,-2.8663873,7.2534706,-3.0163873
-51.2222041,-5.9137378,-2.8608052,7.297081,-3.0108052
-51.1662892,-6.1057053,-2.8555771,7.3414875,-3.0055771
-51.1094043,-6.2973882,-2.8506736,7.3867047,-3.0006736
-51.0515939,-6.4887973,-2.8459,7.4318498,-2.9959
-50.9928821,-6.6799228,-2.8412204,7.4759463,-2.9912204
-50.93326,-6.8707648,-2.8362158,7.5190608,-2.9862158
-50.8726051,-7.0612895,-2.8304125,7.5547805,-2.9804125
-50.8107716,-7.2514294,-2.8238193,7.5831298,-2.9738192999999997
-50.7476159,-7.4411316,-2.816487,7.6045938,-2.966487
-50.682993,-7.6303679,-2.8084239,7.619675,-2.9584239
-50.61679,-7.8190214,-2.7996523,7.6286007,-2.9496523
-50.5488636,-8.0070816,-2.7901915,7.6319108,-2.9401915
-50.4790966,-8.1944661,-2.7800417,7.6298254,-2.9300417
-50.40737,-8.3811015,-2.7692059,7.6225779,-2.9192059
-50.3335578,-8.5669321,-2.7576822,7.6104014,-2.9076822
-50.2575488,-8.7518662,-2.7454732,7.5935102,-2.8954732
-50.179224,-8.9358334,-2.7325793,7.5721677,-2.8825792999999997
-50.0984696,-9.1187506,-2.7189977,7.5441864,-2.8689977
-50.0151762,-9.3005251,-2.7047285,7.5045339,-2.8547285
-49.9292401,-9.4810525,-2.6897684,7.46854,-2.8397684
-49.8405405,-9.6602641,-2.6741131,7.4327188,-2.8241131
-49.7489937,-9.8380158,-2.6577625,7.3970694,-2.8077625
-49.6544878,-10.0142197,-2.640709,7.3615909,-2.790709
-49.5569251,-10.1887596,-2.6229501,7.3262826,-2.7729501
-49.4562366,-10.3614708,-2.6044825,7.2911437,-2.7544825
-49.3522831,-10.5323067,-2.5852921,7.2561733,-2.7352921
-49.2450331,-10.7010413,-2.5653816,7.2213707,-2.7153815999999997
-49.1343787,-10.8675746,-2.5447364,7.1867349,-2.6947364
-49.0202382,-11.0317616,-2.5233492,7.1522653,-2.6733492
-48.9025906,-11.193374,-2.5012163,7.117961,-2.6512162999999997
-48.7812765,-11.3523714,-2.4783106,7.0838213,-2.6283106
-48.6563337,-11.5084501,-2.4546379,7.0498453,-2.6046378999999997
-48.5276633,-11.661486,-2.4301743,7.0160322,-2.5801743
-48.3952097,-11.8112959,-2.404904,6.9823813,-2.554904
-48.2590117,-11.9575939,-2.3788213,6.9488919,-2.5288212999999997
-48.1188996,-12.1003162,-2.351884,6.915563,-2.501884
-47.9749939,-12.2390961,-2.3240984,6.882394,-2.4740984
-47.8272187,-12.3737687,-2.2954294,6.8493841,-2.4454294
-47.6755627,-12.5041003,-2.2658498,6.8165325,-2.4158497999999997
-47.5201301,-12.6297622,-2.2353488,6.7838385,-2.3853488
-47.3607804,-12.7506223,-2.203864,6.7513013,-2.3538639999999997
-47.1977138,-12.8662791,-2.171387,6.7189201,-2.321387
-47.0309093,-12.9765011,-2.1378715,6.6866943,-2.2878715
-46.8604305,-13.0809929,-2.1032866,6.654623,-2.2532866
-46.6864466,-13.179399,-2.0676094,6.6227055,-2.2176093999999997
-46.5089458,-13.2714774,-2.0308962,6.5909412,-2.1808962
-46.3281807,-13.3568768,-1.9932386,6.5593292,-2.1432386
-46.144309,-13.4353153,-1.9546794,6.5278688,-2.1046794
-45.9575176,-13.506563,-1.9156312,6.4965593,-2.0656312
-45.7680298,-13.5704358,-1.8761263,6.4653999,-2.0261263
-45.5762716,-13.6267475,-1.8368565,6.43439,-1.9868564999999998
-45.3823588,-13.6755868,-1.7983182,6.4035289,-1.9483182
-45.1867636,-13.7169829,-1.760566,6.3728157,-1.910566
-44.9897738,-13.7510739,-1.7239438,6.3422499,-1.8739438
-44.7915948,-13.7780522,-1.6884292,6.3118307,-1.8384292
-44.592723,-13.7980718,-1.6539895,6.2815574,-1.8039895
-44.3931961,-13.8113369,-1.620537,6.2514292,-1.7705369999999998
-44.1933758,-13.8180171,-1.5880476,6.2214456,-1.7380475999999998
-43.9934502,-13.8182946,-1.5564704,6.1916058,-1.7064704
-43.7935481,-13.8123452,-1.5257592,6.1619091,-1.6757592
-43.5940158,-13.800352,-1.4959031,6.1323548,-1.6459031
-43.3948511,-13.7824818,-1.4668498,6.1029423,-1.6168498
-43.1963094,-13.7589156,-1.4385845,6.0736709,-1.5885844999999998
-42.998506,-13.729824,-1.4110794,6.0442577,-1.5610794
-42.8015165,-13.6953673,-1.3843048,6.0156571,-1.5343048
-42.6055787,-13.6557357,-1.3582601,5.9936189,-1.5082601
-42.41067,-13.6110711,-1.332915,5.9775552,-1.482915
-42.2169598,-13.5615541,-1.3082601,5.9668776,-1.4582601
-42.0245142,-13.5073426,-1.2842794,5.9610589,-1.4342793999999999
-41.8333701,-13.4485844,-1.2609531,5.9596491,-1.4109531
-41.6436787,-13.3854629,-1.2382802,5.9622203,-1.3882801999999999
-41.4554094,-13.3181041,-1.2162412,5.9684426,-1.3662412
-41.2686612,-13.2466765,-1.1948289,5.9779822,-1.3448289
-41.0834648,-13.1713252,-1.1740327,5.9905394,-1.3240326999999998
-40.8998288,-13.092185,-1.1538398,6.005865,-1.3038398
-40.7178355,-13.0094224,-1.1342477,6.0237205,-1.2842476999999999
-40.537451,-12.923153,-1.1152441,6.0439198,-1.2652440999999999
-40.3587194,-12.8335271,-1.0968236,6.0662818,-1.2468236
-40.1816445,-12.7406768,-1.0789805,6.0906479,-1.2289804999999998
-40.0062144,-12.6447251,-1.0617071,6.1168902,-1.2117071
-39.8324565,-12.5458164,-1.045001,6.1448824,-1.195001
-39.660336,-12.4440609,-1.0288559,6.1745326,-1.1788558999999998
-39.4898538,-12.3395888,-1.0132677,6.2057485,-1.1632677
-39.3209929,-12.2325199,-0.9982331,6.2384505,-1.1482331
-39.1537263,-12.1229676,-0.983748,6.2725784,-1.133748
-38.9880375,-12.011052,-0.9698092,6.3080704,-1.1198092
-38.8238923,-11.8968816,-0.9564137,6.344881,-1.1064137
-38.6612586,-11.7805658,-0.9435584,6.3829707,-1.0935584
-38.5001023,-11.6622129,-0.9312411,6.4223048,-1.0812411
-38.3403865,-11.5419289,-0.9194599,6.4628613,-1.0694599
-38.1820595,-11.4198086,-0.908212,6.5046191,-1.058212
-38.0250893,-11.295962,-0.8974967,6.5475648,-1.0474967
-37.8694183,-11.1704789,-0.8873116,6.5916911,-1.0373116
-37.7149993,-11.0434574,-0.8776556,6.6369917,-1.0276556
-37.5617892,-10.9149989,-0.8685283,6.6834692,-1.0185283
-37.4097076,-10.7851736,-0.859927,6.7311284,-1.009927
-37.2587262,-10.6540956,-0.8518525,6.7799765,-1.0018525
-37.1087679,-10.5218374,-0.8443034,6.8300276,-0.9943034000000001
-36.9597755,-10.3884883,-0.8372791,6.881296,-0.9872791000000001
-36.8117033,-10.2541487,-0.83078,6.9338016,-0.98078
-36.6644471,-10.1188652,-0.8248038,6.9875661,-0.9748038
-36.5179846,-9.9827595,-0.8193518,7.0426097,-0.9693518
-36.3722238,-9.8458892,-0.814423,7.0989621,-0.964423
-36.2271,-9.7083368,-0.8100169,7.1566513,-0.9600169000000001
-36.0825677,-9.5702034,-0.8061343,7.2157086,-0.9561343
-35.9385041,-9.4315162,-0.8027735,7.27617,-0.9527735
-35.7948946,-9.292406,-0.7999361,7.3380706,-0.9499361000000001
-35.6516366,-9.1529192,-0.7976214,7.4014526,-0.9476214000000001
-35.5086607,-9.0131339,-0.7958289,7.4663554,-0.9458289
-35.3659227,-8.8731532,-0.7945593,7.5328219,-0.9445593
-35.223288,-8.7329913,-0.7938123,7.6009018,-0.9438123
-35.0807482,-8.5927866,-0.7935883,7.6706435,-0.9435883
-34.9381946,-8.452579,-0.7938876,7.7415285,-0.9438876
-34.7955573,-8.3124461,-0.7947094,7.806169,-0.9447094
-34.6527964,-8.1724954,-0.7960538,7.8647213,-0.9460538000000001
-34.5097676,-8.032732,-0.7979218,7.9173318,-0.9479218
-34.3664715,-7.8933026,-0.8003132,7.9641457,-0.9503132
-34.2227965,-7.7542447,-0.8032289,8.0,-0.9532289
-34.0786745,-7.6156386,-0.8066685,8.0,-0.9566685
-33.9340703,-7.4775953,-0.8106317,8.0,-0.9606317
-33.7888384,-7.3401212,-0.8151209,8.0,-0.9651209000000001
-33.6429871,-7.2033688,-0.8201341,8.0,-0.9701341
-33.496406,-7.0673784,-0.8256732,8.0,-0.9756732
-33.349033,-6.9322356,-0.8317379,8.0,-0.9817379
-33.2008367,-6.7980541,-0.8383276,8.0,-0.9883276
-33.0516802,-6.6648522,-0.8454457,8.0,-0.9954457
-32.9015761,-6.5327824,-0.8530892,8.0,-1.0030892
-32.7504217,-6.4018946,-0.8612608,8.0,-1.0112608
-32.5981644,-6.2722827,-0.8699602,8.0,-1.0199601999999999
-32.4447769,-6.1440619,-0.8791865,8.0,-1.0291865
-32.2901411,-6.0172716,-0.8889438,8.0,-1.0389438
-32.1342699,-5.8920591,-0.8992288,8.0,-1.0492288
-31.9770769,-5.7684907,-0.9100444,8.0,-1.0600444
-31.8185216,-5.6466695,-0.9213905,8.0,-1.0713905
-31.6585808,-5.5267111,-0.9332665,8.0,-1.0832665
-31.4971694,-5.4086848,-0.9456764,8.0,-1.0956763999999999
-31.3342924,-5.2927265,-0.9586183,8.0,-1.1086183
-31.1698935,-5.1789265,-0.9720954,8.0,-1.1220954
-31.0039439,-5.0673957,-0.9861101,8.0,-1.1361101
-30.8364245,-4.9582508,-1.0006635,8.0,-1.1506634999999998
-30.6673012,-4.8515984,-1.0157601,8.0,-1.1657601
-30.4965575,-4.747557,-1.0314035,8.0,-1.1814034999999998
-30.3241866,-4.6462508,-1.0475952,8.0,-1.1975951999999999
-30.1501672,-4.5477949,-1.0643414,8.0,-1.2143414
-29.974486,-4.4523098,-1.0816454,8.0,-1.2316454
-29.7971814,-4.3599434,-1.0995128,8.0,-1.2495128
-29.6181965,-4.2707949,-1.117958,8.0,-1.267958
-29.4376056,-4.1850292,-1.1369583,8.0,-1.2869583
-29.2553864,-4.1027506,-1.1564551,8.0,-1.3064551
-29.0715407,-4.0240696,-1.1764464,8.0,-1.3264463999999998
-28.8862234,-3.9491559,-1.1969021,8.0,-1.3469020999999999
-28.6993072,-3.8780593,-1.2178348,8.0,-1.3678348
-28.5109897,-3.8109492,-1.2390814,8.0,-1.3890814
-28.3212758,-3.7478357,-1.2601571,8.0,-1.4101571
-28.1302232,-3.6886981,-1.2810363,8.0,-1.4310363
-27.9380834,-3.6335585,-1.3015508,8.0,-1.4515508
-27.7447829,-3.5823092,-1.32164,8.0,-1.4716399999999998
-27.5505493,-3.5349231,-1.3413039,8.0,-1.4913039
-27.3554216,-3.4913238,-1.3605644,8.0,-1.5105643999999998
-27.1594573,-3.4514439,-1.3794348,8.0,-1.5294348
-26.9628503,-3.4152429,-1.3979159,8.0,-1.5479159
-26.7655587,-3.3826356,-1.4160282,8.0,-1.5660281999999999
-26.5677465,-3.3535752,-1.4337722,8.0,-1.5837721999999999
-26.3694495,-3.3279927,-1.4511558,8.0,-1.6011558
-26.1707121,-3.3058225,-1.468187,8.0,-1.6181869999999998
-25.9716769,-3.2870096,-1.4848667,8.0,-1.6348667
-25.7723195,-3.2714822,-1.5012094,8.0,-1.6512094
-25.5727565,-3.2591824,-1.5172167,8.0,-1.6672167
-25.3730228,-3.2500455,-1.5328932,8.0,-1.6828931999999999
-25.1731534,-3.2440075,-1.5482445,8.0,-1.6982445
-24.9732436,-3.2410063,-1.5632719,8.0,-1.7132718999999998
-24.7732895,-3.2409778,-1.5779837,8.0,-1.7279837
-24.5733653,-3.2438594,-1.5923814,8.0,-1.7423814
-24.3735028,-3.2495879,-1.6064682,8.0,-1.7564681999999998
-24.1737305,-3.2581008,-1.6202481,8.0,-1.7702480999999999
-23.9741054,-3.2693345,-1.6337235,8.0,-1.7837235
-23.77464,-3.2832276,-1.6468985,8.0,-1.7968985
-23.5753739,-3.2997176,-1.6597752,8.0,-1.8097751999999998
-23.3763349,-3.3187423,-1.6723554,8.0,-1.8223554
-23.1775467,-3.3402404,-1.684642,8.0,-1.8346419999999999
-22.9790325,-3.3641504,-1.6966376,8.0,-1.8466376
-22.7808199,-3.3904107,-1.7083439,8.0,-1.8583439
-22.5829203,-3.4189616,-1.7197628,8.0,-1.8697628
-22.3853562,-3.4497417,-1.7308929,8.0,-1.8808928999999999
-22.1881483,-3.4826894,-1.7417353,8.0,-1.8917353
-21.991291,-3.5177476,-1.7522933,8.0,-1.9022933
-21.7948218,-3.554852,-1.7625677,8.0,-1.9125676999999999
-21.5987312,-3.5939469,-1.7725605,8.0,-1.9225605
-21.4030359,-3.6349715,-1.7822705,8.0,-1.9322705
-21.2077552,-3.6778638,-1.7916977,8.0,-1.9416977
-21.0128583,-3.722573,-1.8008432,8.0,-1.9508432
-20.8183902,-3.7690307,-1.8097047,8.0,-1.9597046999999999
-20.6243257,-3.8171847,-1.8182834,8.0,-1.9682834
-20.4306735,-3.8669742,-1.8265757,8.0,-1.9765757
-20.2374506,-3.9183354,-1.8345809,8.0,-1.9845808999999999
-20.0446091,-3.9712221,-1.8423005,8.0,-1.9923004999999998
-19.8521955,-4.025562,-1.8497321,8.0,-1.9997321
-19.6601738,-4.0813055,-1.8568771,8.0,-2.0068771
-19.4685452,-4.1383926,-1.8637343,8.0,-2.0137343
-19.2773234,-4.1967589,-1.8703033,8.0,-2.0203033
-19.0864499,-4.2563622,-1.876585,8.0,-2.026585
-18.8959683,-4.3171286,-1.8825772,8.0,-2.0325772
-18.7058368,-4.3790107,-1.8882807,8.0,-2.0382807
-18.5160496,-4.4419495,-1.8936944,8.0,-2.0436944
-18.3266154,-4.505881,-1.8988176,8.0,-2.0488176
-18.1374728,-4.5707648,-1.9036507,8.0,-2.0536507
-17.948657,-4.6365271,-1.9081919,8.0,-2.0581919
-17.7601249,-4.7031213,-1.9124414,8.0,-2.0624414
-17.5718649,-4.7704895,-1.9163979,8.0,-2.0663979
-17.3838793,-4.8385684,-1.9200607,8.0,-2.0700607
-17.1961096,-4.9073169,-1.92343,8.0,-2.07343
-17.0085794,-4.9766638,-1.9265044,8.0,-2.0765044
-16.8212477,-5.0465612,-1.9292838,8.0,-2.0792838000000002
-16.6340981,-5.1169523,-1.931767,8.0,-2.081767
-16.4471253,-5.1877755,-1.9339533,8.0,-2.0839533
-16.2602801,-5.2589862,-1.9358425,8.0,-2.0858425
-16.0735702,-5.3305176,-1.9374334,8.0,-2.0874334
-15.8869607,-5.4023193,-1.9387259,8.0,-2.0887259
-15.7004315,-5.4743349,-1.9397188,8.0,-2.0897188
-15.5139698,-5.5465051,-1.9404118,8.0,-2.0904118
-15.3275387,-5.6187799,-1.9408042,8.0,-2.0908042
-15.1411299,-5.6910978,-1.9408952,8.0,-2.0908952
-14.9547163,-5.7634048,-1.9406847,8.0,-2.0906847
-14.7682754,-5.8356448,-1.9401715,8.0,-2.0901715
-14.5817874,-5.9077606,-1.9393555,8.0,-2.0893555
-14.3952303,-5.9796956,-1.938236,8.0,-2.088236
-14.2085801,-6.051394,-1.9368124,8.0,-2.0868124
-14.021819,-6.1227976,-1.9350846,8.0,-2.0850846
-13.8349238,-6.1938499,-1.9330516,8.0,-2.0830516
-13.6478689,-6.2644953,-1.9307133,8.0,-2.0807133
-13.4606479,-6.3346712,-1.9280694,8.0,-2.0780694
-13.2732233,-6.404326,-1.9251191,8.0,-2.0751191
-13.0855875,-6.4733974,-1.9218627,8.0,-2.0718627
-12.8977179,-6.5418284,-1.9182994,8.0,-2.0682994
-12.7095857,-6.609564,-1.9144289,8.0,-2.0644289000000002
-12.5211986,-6.6765364,-1.9102517,8.0,-2.0602517000000002
-12.3325107,-6.7426966,-1.9057672,8.0,-2.0557672
-12.1435231,-6.8079792,-1.9009761,8.0,-2.0509761
-11.9542166,-6.8723261,-1.895879,8.0,-2.0458790000000002
-11.7645623,-6.9356825,-1.8904759,8.0,-2.0404759
-11.5745791,-6.9979777,-1.8847683,8.0,-2.0347683
-11.3842193,-7.0591633,-1.8787559,8.0,-2.0287559
-11.1934913,-7.1191726,-1.8724395,8.0,-2.0224395
-11.0023812,-7.1779464,-1.8658202,8.0,-2.0158202
-10.8108643,-7.2354288,-1.8588973,8.0,-2.0088973
-10.6189657,-7.2915491,-1.8516729,8.0,-2.0016729
-10.4266445,-7.3462565,-1.8441459,8.0,-1.9941459
-10.233913,-7.3994845,-1.8363171,8.0,-1.9863171
-10.0407653,-7.4511724,-1.8281869,8.0,-1.9781868999999999
-9.8471856,-7.5012616,-1.8197544,8.0,-1.9697544
-9.6531979,-7.549684,-1.8110214,8.0,-1.9610214
-9.4587786,-7.5963833,-1.8019872,8.0,-1.9519871999999998
-9.2639419,-7.6412941,-1.7926505,8.0,-1.9426504999999998
-9.0686896,-7.6843535,-1.7830057,8.0,-1.9330056999999998
-8.8730159,-7.7254992,-1.7730509,8.0,-1.9230509
-8.6769486,-7.7646578,-1.7627224,8.0,-1.9127223999999998
-8.4804701,-7.8017484,-1.7519605,8.0,-1.9019605
-8.2835961,-7.8366788,-1.7407393,8.0,-1.8907393
-8.0863355,-7.86934,-1.72892,8.0,-1.87892
-7.8886922,-7.8996063,-1.7164795,8.0,-1.8664794999999998
-7.6906764,-7.9273508,-1.7034258,8.0,-1.8534258
-7.4923134,-7.9524475,-1.6897659,8.0,-1.8397659
-7.2936145,-7.9747724,-1.6754994,8.0,-1.8254994
-7.0946111,-7.9942014,-1.660641,8.0,-1.810641
-6.8953515,-8.0106113,-1.6451901,8.0,-1.7951901
-6.6958295,-8.023883,-1.6291427,8.0,-1.7791427
-6.4961411,-8.0338908,-1.6125004,8.0,-1.7625004
-6.2963019,-8.0405142,-1.5952551,8.0,-1.7452550999999998
-6.0963727,-8.0436301,-1.5774036,8.0,-1.7274036
-5.8964545,-8.0431159,-1.5589422,8.0,-1.7089421999999999
-5.6965243,-8.0388477,-1.5398564,8.0,-1.6898563999999998
-5.4967568,-8.0307043,-1.5201476,8.0,-1.6701476
-5.2971789,-8.0185613,-1.4998017,8.0,-1.6498016999999998
-5.0978853,-8.0022957,-1.478811,8.0,-1.628811
-4.8990335,-7.9817914,-1.4571706,7.9626833,-1.6071706
-4.700603,-7.9569127,-1.4348571,7.924492,-1.5848571
-4.5028416,-7.9275548,-1.4118725,7.8864839,-1.5618725
-4.3058035,-7.8935891,-1.3881962,7.8486581,-1.5381962
-4.1096265,-7.8548971,-1.3638168,7.8110137,-1.5138167999999999
-3.9145214,-7.8113775,-1.3387265,7.7735499,-1.4887264999999998
-3.7205065,-7.762885,-1.312894,7.7362657,-1.462894
-3.527884,-7.7093414,-1.2863188,7.6991604,-1.4363188
-3.3367613,-7.650621,-1.2589751,7.6622331,-1.4089751
-3.1473294,-7.5866198,-1.2308501,7.6254828,-1.3808501
-2.9598434,-7.5172589,-1.2019308,7.5889089,-1.3519307999999999
-2.7744154,-7.4424062,-1.1721827,7.5525103,-1.3221827
-2.5913646,-7.3620105,-1.1415956,7.5162863,-1.2915956
-2.4108932,-7.2759753,-1.1101409,7.4802361,-1.2601409
-2.2332503,-7.1842239,-1.0777901,7.4443588,-1.2277901
-2.0587195,-7.0866984,-1.0445184,7.4086535,-1.1945184
-1.8875926,-6.9833485,-1.0102912,7.3731195,-1.1602911999999999
-1.7201331,-6.8741036,-0.9750595,7.3377559,-1.1250594999999999
-1.5567059,-6.7589623,-0.9388537,7.302562,-1.0888537
-1.3975994,-6.6379137,-0.9018486,7.2675368,-1.0518486
-1.2430805,-6.5109558,-0.8640203,7.2326797,-1.0140202999999999
-1.093576,-6.3783125,-0.8262863,7.1979897,-0.9762863
-0.9490543,-6.2401053,-0.7892919,7.1634661,-0.9392919000000001
-0.8097158,-6.0967245,-0.7530555,7.1291081,-0.9030555
-0.6756016,-5.9484616,-0.7177739,7.0949149,-0.8677739
-0.5466812,-5.7955632,-0.683417,7.0608856,-0.8334170000000001
-0.4230834,-5.6384671,-0.6499653,7.0270196,-0.7999653
-0.3046978,-5.4773161,-0.6173491,6.9933161,-0.7673491
-0.1915755,-5.3124545,-0.585544,6.9597741,-0.735544
-0.083692,-5.1441302,-0.5545249,6.9263931,-0.7045249
0.0190075,-4.9725397,-0.5242515,6.8931721,-0.6742515
0.1164996,-4.7980112,-0.4947174,6.8601105,-0.6447174
0.2088774,-4.6206761,-0.465889,6.8272075,-0.615889
0.2961629,-4.4407912,-0.4377472,6.7944623,-0.5877472
0.378411,-4.2585555,-0.4102782,6.7618741,-0.5602782
0.4556917,-4.0741334,-0.3834564,6.7294423,-0.5334563999999999
0.528048,-3.8877546,-0.3572718,6.697166,-0.5072717999999999
0.5955636,-3.6995515,-0.3317054,6.6650444,-0.48170539999999995
0.6583029,-3.5097041,-0.306741,6.633077,-0.45674099999999995
0.7163395,-3.3183705,-0.2823693,6.6012629,-0.43236929999999996
0.7697531,-3.1256917,-0.2585751,6.5696014,-0.40857509999999997
0.8186224,-2.9318099,-0.235347,6.5380917,-0.385347
0.8630293,-2.7368613,-0.2126768,6.5065896,-0.3626768
0.9030599,-2.5409633,-0.1905511,6.4752255,-0.3405511
0.9387997,-2.3442372,-0.1689641,6.4494339,-0.3189641
0.9703356,-2.1468049,-0.1479075,6.4287848,-0.2979075
0.9977619,-1.9487388,-0.1273702,6.4128509,-0.2773702
1.0211646,-1.7501734,-0.1073509,6.4012894,-0.2573509
1.040639,-1.5511782,-0.0878395,6.3937527,-0.23783949999999998
1.056278,-1.3518416,-0.0688342,6.3899401,-0.21883419999999998
1.068175,-1.1522669,-0.0503315,6.3895921,-0.2003315
1.0764284,-0.9524761,-0.0323248,6.3924414,-0.1823248
1.0811326,-0.7525924,-0.0148187,6.3983145,-0.16481869999999998
1.0823861,-0.5526523,0.002204,6.4069963,-0.14779599999999998
1.0802791,-0.352714,0.0188032,6.4180474,0.1688032
1.0748956,-0.1528569,0.0349893,6.4310783,0.1849893
