# b7dfce0a-5687-444d-9d11-9d01df0455fe,,,,,,
# 8c2562dac6845e79cf9c17e518b65f3bfb35dd47,,,,,,
# s_m, x_m, y_m, psi_rad, kappa_radpm, vx_mps, ax_mps2
0,-0.1722141,-0.0644602,1.5869,0.0272589,5.8732067,0.961062
0.2999664,-0.1780299,0.2361866,1.8924,0.0097781,5.9220883,0.8885371
0.5999328,-0.1846959,0.5354451,1.8927,-0.0069023,5.9669249,0.8214853
0.8998992,-0.1910714,0.836249,1.8914,-0.0015945,6.0080802,0.7594933
1.1998655,-0.1972705,1.1354539,1.8918,0.0030953,6.0458807,0.7021795
1.4998319,-0.20372,1.4363154,1.8926,0.0022748,6.0806195,0.6491907
1.7997983,-0.2103424,1.735687,1.8931,0.001834,6.1125612,0.6002007
2.0997647,-0.2171728,2.0364292,1.8938,0.0027645,6.1419447,0.5549076
2.3997311,-0.2242297,2.3361824,1.8948,0.0034465,6.1689863,0.5130325
2.6996975,-0.2316013,2.6362329,1.8958,0.0036351,6.1938822,0.4743174
2.9996638,-0.2393113,2.9368226,1.8969,0.0031607,6.2168107,0.4385239
3.2996302,-0.2472451,3.235187,1.8977,0.0021004,6.237934,0.4054314
3.5995966,-0.2554654,3.5370697,1.8982,0.0012537,6.2573998,0.3748363
3.899563,-0.2636939,3.8351875,1.8984,-0.0012429,6.2753429,0.3465499
4.1995294,-0.2718062,4.1358666,1.8965,-0.0114244,6.2918864,0.3203981
4.4994958,-0.2789756,4.4356467,1.8934,-0.0011476,6.307143,-4.4306829
4.7994621,-0.2860599,4.7339461,1.8971,0.0381048,6.0927777,-8.036606
5.0994285,-0.2983341,5.0343305,1.9351,0.2175306,5.6833544,-6.3628238
5.3993949,-0.3294229,5.3319301,2.0176,0.2885898,5.3369702,-6.2599104
5.6993613,-0.3858255,5.6257599,2.1025,0.2748665,4.972698,-7.1755749
5.9993277,-0.4660413,5.9142543,2.1795,0.2374934,4.5191662,-4.9365867
6.2992941,-0.5689006,6.1969302,2.2733,0.473036,4.1786652,-2.0422667
6.5992604,-0.7101163,6.4603209,2.467,0.6775059,4.0293945,-2.0422667
6.8992268,-0.8968304,6.6946216,2.5956,0.1872137,3.874377,3.4118494
7.1991932,-1.0991878,6.9160493,2.6268,0.1376086,4.1300941,3.1543802
7.4991596,-1.3105879,7.1288503,2.6832,0.2055132,4.3531705,-1.2306763
7.799126,-1.5334782,7.3290586,2.7321,0.1218854,4.2675251,-6.3143767
8.0990924,-1.765452,7.5190238,2.7974,0.450645,3.7978374,-1.6869804
8.3990587,-2.0208763,7.6758597,3.0073,0.820192,3.6621707,-1.6869804
8.6990251,-2.3017163,7.7780248,3.1436,0.126788,3.5212809,3.7403246
8.9989915,-2.5901484,7.8692069,3.1126,-0.1408007,3.8266647,3.4580676
9.2989579,-2.8720544,7.969464,3.0956,0.0294886,4.0887615,3.1971106
9.5989243,-3.1544461,8.0690507,3.1079,0.0206703,4.3169459,2.9558463
9.8988907,-3.4382312,8.1671619,3.1074,-0.0142593,4.5176688,2.7327885
10.198857,-3.7214456,8.2659437,3.1051,-0.0013885,4.6956172,2.5265635
10.4988234,-4.0046115,8.3648872,3.1058,0.0022977,4.8543371,2.3359008
10.7987898,-4.2878862,8.4636711,3.106,-0.001102,4.9965961,2.1596261
11.0987562,-4.57099,8.5624482,3.1057,-0.0007045,5.1246076,1.9966538
11.3987226,-4.8541738,8.6613208,3.1056,-0.00028,5.2401775,1.8459798
11.698689,-5.1373365,8.7602173,3.1055,-0.0004645,5.3448035,1.7066762
11.9986553,-5.4203775,8.8591141,3.1053,-0.0004145,5.4397441,1.5778849
12.2986217,-5.7038468,8.9581998,3.1052,-0.0002437,5.5260691,1.4588125
12.5985881,-5.9866448,9.0570746,3.1052,-0.0001027,5.6046971,1.3487258
12.8985545,-6.2698954,9.1561174,3.1052,4.49E-05,5.6764227,1.2469466
13.1985209,-6.5530627,9.2551266,3.1052,0.0002066,5.7419386,1.152848
13.4984873,-6.8360763,9.3540626,3.1053,0.0003513,5.8018523,1.0658503
13.7984536,-7.1196522,9.4531616,3.1054,0.0004865,5.8566994,0.9854178
14.09842,-7.4024387,9.5519389,3.1056,0.0005906,5.9069546,0.911055
14.3983864,-7.6858171,9.6508667,3.1058,0.000681,5.9530399,0.8423038
14.6983528,-7.9689875,9.7496573,2.806,0.0007433,5.9953324,0.7787408
14.9983192,-8.2521886,9.8483878,2.8062,0.0007807,6.0341696,0.7199745
15.2982856,-8.5356976,9.9471512,2.8064,0.0008016,6.0698549,0.6656429
15.5982519,-8.8187632,10.0456843,2.8067,0.0007875,6.1026617,0.6154114
15.8982183,-9.1023152,10.1443116,2.8069,0.000764,6.1328366,0.5689704
16.1981847,-9.3855036,10.2427401,2.8071,0.0007106,6.160603,0.5260341
16.4981511,-9.6689454,10.3411889,2.8073,0.0006454,6.1861631,0.4863378
16.7981175,-9.9523587,10.4395664,2.8075,0.0005634,6.2097008,0.4496372
17.0980839,-10.2357369,10.5378782,2.8077,0.0004659,6.2313832,0.4157061
17.3980502,-10.5192684,10.6361988,2.8078,0.0003617,6.2513624,0.3843356
17.6980166,-10.8026315,10.7344268,2.8079,0.0002418,6.2697773,0.3553324
17.997983,-11.0861315,10.8326791,2.808,0.0001198,6.2867546,0.3285178
18.2979494,-11.3695649,10.9308971,2.808,-9.1E-06,6.30241,0.3037268
18.5979158,-11.6530423,11.0291311,2.8079,-0.0001396,6.3168495,0.2808066
18.8978822,-11.9364698,11.1273612,2.8079,-0.0002726,6.33017,0.259616
19.1978485,-12.2199708,11.2256427,2.8078,-0.0003985,6.3424605,0.2400246
19.4978149,-12.5032757,11.3238941,2.8076,-0.0005218,6.3538023,0.2219115
19.7977813,-12.7868511,11.4222891,2.8075,-0.0006451,6.3642702,0.2051654
20.0977477,-13.070113,11.5206367,2.8073,-0.000749,6.3739329,0.1896829
20.3977141,-13.3535882,11.6191288,2.807,-0.0007604,6.3828534,0.1753688
20.6976805,-13.6368965,11.7176353,2.8068,-0.0007547,6.3910897,0.1621349
20.9976468,-13.9201431,11.816192,2.8066,-0.0007274,6.398695,0.1498997
21.2976132,-14.2035384,11.9148699,2.8064,-0.0007044,6.4057183,0.1385878
21.5975796,-14.4865515,12.0134817,2.8062,-0.0006829,6.4122048,0.1281295
21.897546,-14.7700442,12.1123257,2.806,-0.000652,6.418196,0.1184604
22.1975124,-15.0531592,12.2111,2.8058,-0.0006198,6.4237301,0.109521
22.4974788,-15.3364128,12.3099818,2.8056,-0.0005854,6.4288423,0.1012562
22.7974451,-15.6196354,12.4089085,2.8054,-0.000548,6.4335651,0.0936151
23.0974115,-15.9026512,12.5078152,2.8053,-0.0005081,6.4379285,0.0865506
23.3973779,-16.185982,12.6068804,2.8051,-0.0004653,6.4419599,0.0800192
23.6973443,-16.4689752,12.7058719,2.805,-0.0004212,6.4456849,0.0739807
23.9973107,-16.7522085,12.8049875,2.8049,-0.0003747,6.4491268,0.0683979
24.2972771,-17.0353184,12.9040956,2.8048,-0.0003277,6.4523074,0.0632364
24.5972434,-17.3183297,13.0032005,2.8047,-0.0002802,6.4552466,0.0584643
24.8972098,-17.6015508,13.1024054,2.8046,-0.0002303,6.4579628,0.0540524
25.1971762,-17.8845008,13.2015375,2.8045,-0.0001816,6.460473,0.0499735
25.4971426,-18.1676909,13.300771,2.8045,-0.0001459,6.4627929,0.0462023
25.797109,-18.4507524,13.3999734,2.8044,-8.95E-05,6.464937,0.0427157
26.0970754,-18.7337642,13.4991668,2.8044,-9.7E-06,6.4669186,0.0394923
26.3970417,-19.0169224,13.5984139,2.8044,-8.35E-05,6.4687502,0.036512
26.6970081,-19.2998984,13.6976052,2.8044,-9.26E-05,6.4704431,0.0337567
26.9969745,-19.5830332,13.7968544,2.8044,0.0004711,6.4720079,0.0312093
27.2969409,-19.8661035,13.8960411,2.8046,-0.0002401,6.4734542,0.0288542
27.5969073,-20.1491396,13.995244,2.8042,-0.0022608,6.4747911,0.0266767
27.8968737,-20.4321967,14.0945787,2.8042,0.003801,6.4760269,0.0246636
28.19684,-20.7153246,14.1935792,2.8063,0.004508,6.4771692,0.0228024
28.4968064,-20.9985473,14.2924854,2.8034,-0.023899,6.4782251,-7.3269286
28.7967728,-21.2809795,14.3930538,2.7979,0.0204052,6.1295788,-11.007882
29.0967392,-21.5642848,14.491781,2.8198,0.1255316,5.5648672,-8.2556584
29.3967056,-21.8498505,14.5851374,2.8115,-0.2312773,5.1004811,-3.0427031
29.696672,-22.127064,14.697479,2.6864,-0.454743,4.9182812,-3.0427031
29.9966383,-22.3898165,14.842084,2.6105,-0.0542956,4.7290668,2.4869091
30.2966047,-22.6498549,14.9925423,2.6275,0.0467042,4.8842656,2.2992389
30.5965711,-22.9111025,15.1394702,2.6256,-0.0599306,5.0234888,2.1257309
30.8965375,-23.1706807,15.2897688,2.609,-0.0430489,5.1488576,1.9653163
31.1965039,-23.4283148,15.4434361,2.5993,-0.0301898,5.2621091,1.8170072
31.4964703,-23.6844107,15.5996041,2.5878,-0.0464829,5.3646878,1.67989
31.7964366,-23.9383676,15.7592162,2.5734,-0.042373,5.4578105,1.55312
32.096403,-24.1902946,15.9220311,2.563,-0.0271548,5.5425142,1.4359165
32.3963694,-24.440737,16.0871582,2.554,-0.0322458,5.6196901,1.3275576
32.6963358,-24.6895405,16.2546734,2.5438,-0.0346311,5.6901109,1.2273758
32.9963022,-24.9366275,16.4247527,2.5337,-0.0321476,5.7544509,1.1347541
33.2962686,-25.1820067,16.5972311,2.5237,-0.0365958,5.8133021,1.0491218
33.5962349,-25.4255293,16.7724336,2.5117,-0.0417873,5.867187,0.9699517
33.8962013,-25.6670199,16.9503295,2.5028,-0.017515,5.9165691,0.896756
34.1961677,-25.90759,17.1295344,2.5006,-0.0022809,5.9618607,0.8290839
34.4961341,-26.1479883,17.3089467,2.5003,0.0004323,6.0034305,0.7665185
34.7961005,-26.388334,17.4883,2.5006,0.0005515,6.0416088,0.7086746
35.0960669,-26.6288117,17.6676906,2.5006,-8E-07,6.0766927,0.6551957
35.3960332,-26.8691666,17.846979,2.5007,0.0001828,6.1089498,0.6057525
35.6959996,-27.1095835,18.0262938,2.5007,0.0002293,6.1386219,0.5600405
35.995966,-27.3501191,18.2056722,2.5008,0.0001221,6.1659278,0.517778
36.2959324,-27.5904118,18.3848557,2.5008,1.97E-05,6.1910659,0.4787048
36.5958988,-27.8310434,18.5642896,2.5008,-9.13E-05,6.2142166,0.4425802
36.8958652,-28.0713215,18.743471,2.5008,-0.0002649,6.2355438,0.4091816
37.1958315,-28.3117468,18.922792,2.5006,-0.0004621,6.2551968,0.3783035
37.4957979,-28.5523033,19.102263,2.5005,-0.0006849,6.2733121,0.3497555
37.7957643,-28.7924146,19.2814789,2.5002,-0.0009447,6.2900138,0.3233618
38.0957307,-29.0331224,19.4612462,2.4999,-0.001215,6.3054159,0.2989598
38.3956971,-29.2729794,19.6405156,2.4995,-0.0015555,6.3196222,0.2763994
38.6956635,-29.5132857,19.8202953,2.499,-0.0018619,6.3327282,0.2555414
38.9956298,-29.753355,20.0001065,2.4984,-0.0021203,6.344821,0.2362574
39.2955962,-29.9930793,20.1798996,2.4977,-0.0026991,6.3559808,0.2184286
39.5955626,-30.233344,20.3604025,2.4968,-0.0034405,6.3662811,0.2019453
39.895529,-30.472398,20.5403737,2.4957,-0.0035901,6.3757892,0.1867059
40.1954954,-30.7125487,20.7215762,2.4946,-0.0035928,6.3845673,0.1726164
40.4954618,-30.9513178,20.9021294,2.4936,-0.0029082,6.3926722,0.1595902
40.7954281,-31.1908246,21.0835694,2.4929,-0.0022571,6.4001563,0.147547
41.0953945,-31.4297022,21.2647877,2.4923,-0.0016185,6.4070679,0.1364127
41.3953609,-31.6687954,21.4463524,2.4919,-0.0009376,6.4134513,0.1261185
41.6953273,-31.9076765,21.6278618,2.4917,-0.0001902,6.4193473,0.1166012
41.9952937,-32.1466893,21.8094927,2.4918,0.0005596,6.4247936,0.1078021
42.2952601,-32.3855105,21.9909148,2.492,0.0013198,6.4298248,0.099667
42.5952264,-32.6247627,22.172515,2.4926,0.0020562,6.4344728,0.0921458
42.8951928,-32.8634611,22.3534628,2.4933,0.002807,6.4387671,0.0851922
43.1951592,-33.1032805,22.5349443,2.4942,0.0034616,6.4427348,0.0787633
43.4951256,-33.3422396,22.7153844,2.4954,0.0041195,6.4464009,0.0728196
43.795092,-33.5824548,22.8963094,2.4967,0.0046243,6.4497885,0.0673244
44.0950584,-33.8221811,23.0763449,2.4981,0.0050657,6.4529188,0.0622439
44.3950247,-34.0623846,23.2561698,2.4997,0.0053464,6.4558116,0.0575467
44.6949911,-34.3032128,23.4358614,2.5013,0.0053775,6.4584849,0.0532041
44.9949575,-34.5429793,23.6141606,2.5029,0.0052379,6.4609555,0.0491891
45.2949239,-34.7851375,23.7936527,2.5044,0.0047741,6.4632389,0.0454772
45.5948903,-35.0257213,23.9714448,2.2058,0.0039377,6.4653492,0.0420453
45.8948567,-35.2674202,24.1496312,2.2067,0.0020601,6.4672996,0.0388724
46.194823,-35.5093604,24.3277542,2.2071,0.0015803,6.4691023,0.035939
46.4947894,-35.7498478,24.50463,2.2077,0.0010399,6.4707686,0.0332269
46.7947558,-35.992184,24.6829149,2.2063,-0.0102569,6.4723087,-3.409648
47.0947222,-36.2332792,24.8612732,2.2038,0.0051695,6.3123071,-14.1251565
47.3946886,-36.4738613,25.0385881,2.2107,0.0261671,5.6009889,-11.2848275
47.694655,-36.7152813,25.2160823,2.1974,-0.1142083,4.9599333,-10.0061291
47.9946213,-36.9531928,25.4004309,2.1841,0.179226,4.3125322,-2.175214
48.2945877,-37.1999181,25.5702951,2.3193,0.6360973,4.1584795,-2.175214
48.5945541,-37.4720911,25.6956312,2.4958,0.5386661,3.9984959,0.3767578
48.8945205,-37.7603799,25.7763441,2.6302,0.3293696,4.026661,3.2605033
49.1944869,-38.0554876,25.828204,2.6968,0.1904049,4.2626379,3.0144552
49.4944533,-38.3534868,25.8617876,2.7657,0.2672282,4.4697373,2.7869746
49.7944196,-38.6524596,25.8723348,2.8469,0.2715549,4.6530151,2.3973481
50.094386,-38.9514093,25.8587663,2.9246,0.2264359,4.8050803,2.3957488
50.3943524,-39.2504607,25.8248563,2.9804,0.1641197,4.9523818,2.2149578
50.6943188,-39.5448327,25.7737454,3.0547,0.329428,5.0847725,-0.7695205
50.9942852,-39.8332369,25.6945223,3.1662,0.3703541,5.0391716,-1.5986139
51.2942516,-40.1136643,25.5828783,3.2731,0.3294074,4.9430951,-0.1222856
51.5942179,-40.3801348,25.4487471,3.3289,0.0523246,4.9356688,2.2357451
51.8941843,-40.6461434,25.3089846,3.3153,-0.0638852,5.0697261,2.0670285
52.1941507,-40.914256,25.1736105,3.3063,0.0028762,5.1905878,1.9110439
52.4941171,-41.1810546,25.0392544,3.3096,0.0054091,5.2998773,1.7668303
52.7940835,-41.450396,24.9030756,3.309,-0.0076106,5.3989516,1.6334996
53.0940499,-41.7167828,24.7688934,3.3075,-0.0027281,5.4889588,1.5102304
53.3940162,-41.9856096,24.6337622,3.3073,0.0002673,5.5708801,1.3962635
53.6939826,-42.2531868,24.4992618,3.3073,-0.0003195,5.6455619,1.2908969
53.993949,-42.5214263,24.3644587,3.3071,-0.0004392,5.7137396,1.1934817
54.2939154,-42.7896516,24.2297051,3.3071,-0.0001047,5.7760566,1.1034177
54.5938818,-43.0575241,24.0951413,3.3071,-9.64E-05,5.8330786,1.0201502
54.8938482,-43.3260607,23.9602541,3.307,-0.0002764,5.8853061,0.9431664
55.1938145,-43.5940626,23.8256619,3.3069,-0.0002823,5.9331833,0.871992
55.4937809,-43.8625951,23.6908315,3.3068,-0.0002228,5.9771064,0.8061886
55.7937473,-44.1311058,23.5560329,3.3068,2.61E-05,6.0174296,0.745351
56.0937137,-44.3991459,23.4214677,3.3069,0.0003366,6.0544711,0.6891044
56.3936801,-44.6681445,23.2863898,3.307,0.0004304,6.0885167,0.6371024
56.6936465,-44.9354198,23.1521339,3.3071,0.0004801,6.1198247,0.5890246
56.9936128,-45.2050444,23.0166588,3.3072,-0.0002001,6.1486283,0.5445749
57.2935792,-45.4712299,22.8829321,3.307,-0.0010397,6.1751387,0.5034795
57.5935456,-45.7417795,22.7471289,3.3064,-0.0025429,6.1995477,0.4654853
57.893512,-46.0085308,22.613489,3.3054,-0.0048784,6.2220296,-8.7337799
58.1934784,-46.2783883,22.478825,3.3031,-0.0106751,5.7856695,-13.8679639
58.4934448,-46.5464427,22.3461215,3.2993,-0.0117705,5.0153888,-13.0890503
58.7934111,-46.8148598,22.214367,3.2967,-0.0050428,4.1595162,-7.150542
59.0933775,-47.0862061,22.0775112,3.3443,0.4216314,3.6071776,-1.5218518
59.3933439,-47.3306756,21.910895,3.5657,0.909187,3.4783217,-1.5218518
59.6933103,-47.5322456,21.6888026,3.7564,0.3409161,3.3445049,3.8929921
59.9932767,-47.7070935,21.4435429,3.8339,0.3499675,3.6771248,3.5992143
60.2932431,-47.8532398,21.1848249,3.9701,0.4808456,3.9598653,1.48769
60.5932094,-47.963213,20.9065686,4.0955,0.3594637,4.0710007,2.9579304
60.8931758,-48.0384887,20.6167121,4.2297,0.533462,4.2834106,-1.095626
61.1931422,-48.0678081,20.3196722,4.3985,0.5566694,4.2059844,-1.0728469
61.4931086,-48.0475058,20.0206747,4.5571,0.4447339,4.1287611,1.2745343
61.793075,-47.988172,19.7256096,4.6518,0.1917994,4.220344,3.0595845
62.0930414,-47.9104052,19.4375314,4.697,0.1198806,4.4324766,2.8286983
62.3930077,-47.8217471,19.1514035,4.729,0.1268469,4.6199434,2.6152356
62.6929741,-47.7212354,18.866535,4.7773,0.1884063,4.7867361,2.4178814
62.9929405,-47.6095393,18.5906325,4.8088,0.0282915,4.9359304,2.2354202
63.2929069,-47.4941352,18.3132921,4.8012,-0.0333334,5.0699616,2.0667282
63.5928733,-47.3809176,18.0345693,4.7972,0.0059513,5.1908004,1.9107662
63.8928397,-47.2683803,17.7579569,5.1001,0.0067856,5.3000698,1.7665736
64.192806,-47.1540362,17.4785361,5.1011,0.0006355,5.3991264,1.6332622
64.4927724,-47.0408133,17.2022765,5.1016,0.0030798,5.4891177,1.5100109
64.7927388,-46.9264602,16.9239837,5.1029,0.0042513,5.5710249,1.3960606
65.0927052,-46.8121696,16.6468147,5.104,0.0033187,5.645694,1.2907094
65.3926716,-46.6974149,16.3693069,5.1049,0.0025441,5.7138603,1.1933083
65.692638,-46.5824538,16.0919025,5.1055,0.0018919,5.7761669,1.1032573
65.9926043,-46.4673855,15.8146796,5.106,0.0009871,5.8331796,1.020002
66.2925707,-46.3522245,15.5374656,5.1061,-2.23E-05,5.8853986,0.9430293
66.5925371,-46.2369816,15.2600489,5.106,-0.0010322,5.9332682,0.8718653
66.8925035,-46.1221313,14.9833355,5.1055,-0.0020679,5.9771843,0.8060715
67.1924699,-46.0069151,14.7052576,5.1047,-0.0029937,6.0175012,0.7452427
67.4924363,-45.8925578,14.4285488,5.1037,-0.0039251,6.0545368,0.6890043
67.7924026,-45.7779005,14.1501939,5.1024,-0.0045733,6.0885772,0.6370098
68.092369,-45.6640913,13.8728154,5.1009,-0.0050649,6.1198803,0.588939
68.3923354,-45.5505785,13.5949645,5.0994,-0.0051653,6.1486794,0.5444957
68.6923018,-45.4372199,13.3162656,5.0979,-0.0046054,6.1751858,0.5034063
68.9922682,-45.3253593,13.0401635,5.0967,-0.0035117,6.1995911,0.4654176
69.2922346,-45.2120758,12.759748,5.096,-0.0009552,6.2220695,0.4302957
69.5922009,-45.100148,12.4824685,5.0962,0.0025316,6.2427796,-0.6636736
69.8921673,-44.9879129,12.2050616,5.0977,0.007473,6.2108082,-14.4469017
70.1921337,-44.8743664,11.9261633,5.4004,0.010532,5.4687264,-13.459185
70.4921001,-44.760971,11.6501371,5.404,0.0131467,4.6725113,-12.5840831
70.7920665,-44.6462026,11.3738426,5.4082,0.0148774,3.7792537,-1.6705112
71.0920329,-44.5387374,11.0905163,5.2979,-0.8282781,3.6442508,-1.6705112
71.3919992,-44.5014844,10.7963166,4.985,-0.772309,3.5040505,-0.0271449
71.6919656,-44.5303879,10.4978033,4.8812,-0.189518,3.5017259,3.7575994
71.991932,-44.5824967,10.2038216,4.7769,-0.4906181,3.8100383,-0.3073958
72.2918984,-44.6743439,9.9185071,4.6222,-0.5444287,3.7857595,-3.4322295
72.5918648,-44.806865,9.6522066,4.4965,-0.2337876,3.5032653,-3.7258232
72.8918312,-44.9638818,9.3957277,4.3949,-0.8504772,3.168221,-1.1740004
73.1917975,-45.1761282,9.1907506,3.9949,-1.1785753,3.0550455,-1.1740004
73.4917639,-45.4477201,9.0578715,3.8667,0.2068177,2.9375128,4.2145935
73.7917303,-45.7138132,8.922919,3.944,0.1153281,3.3402776,3.8965466
74.0916967,-45.9754668,8.778176,3.9402,-0.053815,3.6735705,3.6025006
74.3916631,-46.2404224,8.6356205,3.933,0.0025572,3.9568142,3.3306442
74.6916295,-46.5037273,8.4941881,3.9357,0.0033119,4.2017307,3.079303
74.9915958,-46.7711922,8.3501802,3.9344,-0.0111779,4.4160974,2.8469288
75.2915622,-47.0333978,8.2098442,3.9317,-0.0066195,4.6054187,2.6320903
75.5915286,-47.3004299,8.0676106,3.9304,-0.0026044,4.7737783,2.4334643
75.891495,-47.5646069,7.9272198,3.9296,-0.0028506,4.9243146,2.2498272
76.1914614,-47.8306772,7.7861142,3.9287,-0.0016584,5.0595078,2.0800479
76.4914278,-48.0960969,7.6454568,3.9293,0.0056265,5.1813616,1.9230808
76.7913941,-48.3612172,7.5043915,3.9318,0.0051089,5.2915241,1.7779589
77.0913605,-48.6266146,7.3628508,3.63,-0.0172561,5.3913712,1.6437883
77.3913269,-48.8921759,7.2228695,3.6243,0.0099638,5.4820658,1.5197427
77.6912933,-49.1571154,7.0816086,3.9443,0.1264153,5.5646014,1.405058
77.9912597,-49.41702,6.9303476,3.9955,0.1828095,5.6398341,1.1842716
78.2912261,-49.6662168,6.7666076,4.0503,0.1848849,5.7024742,-4.4952059
78.5911924,-49.9087631,6.586818,4.1104,0.2185635,5.4608966,-8.204121
78.8911588,-50.1357022,6.3943367,4.1811,0.2380729,4.9899369,-8.0244023
79.1911252,-50.3512499,6.1850123,4.2386,0.1411079,4.4816703,-7.4844042
79.4910916,-50.5564116,5.9657354,4.2935,0.3512138,3.9490795,-1.8240177
79.791058,-50.735297,5.7276924,4.4642,0.7585715,3.8080101,-1.8240177
80.0910244,-50.8620735,5.4568601,4.6817,0.6953105,3.6615097,-0.0081576
80.3909907,-50.9309735,5.1648212,4.8673,0.461364,3.6608413,3.131155
80.6909571,-50.9589203,4.866142,4.9538,0.1365946,3.9089949,3.3779571
80.9909235,-50.969129,4.5653401,5.0071,0.2169988,4.1601429,3.1230455
81.2908899,-50.9605937,4.2659185,5.0701,0.1370694,4.379544,2.8873703
81.5908563,-50.9401567,3.967259,5.0814,-0.0392415,4.5730333,2.66948
81.8908227,-50.9206235,3.6678539,5.0756,0.0011881,4.744907,2.4680324
82.190789,-50.9013482,3.3694694,5.0779,0.0012569,4.8984483,2.2817867
82.4907554,-50.8819223,3.0702756,5.0758,-0.0104724,5.0362401,2.1095957
82.7907218,-50.8632914,2.7707165,5.0733,-0.0062236,5.1603614,1.9503987
83.0906882,-50.8453239,2.4724446,5.0718,-0.0044499,5.2725173,1.8032153
83.3906546,-50.8276653,2.1726484,5.0707,-0.0026178,5.3741275,1.6671388
83.690621,-50.810228,1.872685,5.0703,0.0001504,5.4663898,1.5413311
83.9905873,-50.7928907,1.5743885,5.0705,0.0011878,5.5503254,1.4250173
84.2905537,-50.7753155,1.2738447,5.071,0.0026825,5.6268132,1.3174809
84.5905201,-50.7575696,0.9749393,5.0725,0.0069436,5.6966154,1.2180595
84.8904865,-50.7392279,0.6757144,5.0744,0.0019847,5.7603976,1.1261408
85.1904529,-50.720632,0.3751036,5.0733,-0.0086107,5.8187447,1.0411585
85.4904193,-50.7024062,0.0767343,5.0753,0.0258303,5.8721729,0.9625894
85.7903856,-50.681737,-0.2236113,5.0885,0.0549637,5.9211404,0.8899492
86.090352,-50.6567311,-0.5219253,5.1026,0.0392165,5.9660551,0.8227908
86.3903184,-50.6281128,-0.8209135,4.8123,0.0268241,6.0072816,0.7607003
86.6902848,-50.5971003,-1.119296,4.8191,0.0188152,6.0451469,0.7032954
86.9902512,-50.5643159,-1.4175783,4.8249,0.0253825,6.079945,0.6502225
87.2902176,-50.5292198,-1.7157528,4.8349,0.041471,6.1119409,0.6011546
87.5901839,-50.4899097,-2.0133702,4.8563,0.1128673,6.1413739,0.5557895
87.8901503,-50.4405782,-2.3091699,4.9033,0.2005185,6.1684609,-1.4158644
88.1901167,-50.3765498,-2.6023578,4.9444,0.0670145,6.0992201,0.6206935
88.4900831,-50.3066711,-2.8940371,4.944,-0.0461558,6.1296705,0.573854
88.7900495,-50.2391841,-3.1865862,4.936,-0.0071552,6.1576891,0.5305491
89.0900159,-50.1724323,-3.4789316,4.9389,0.0154946,6.1834803,0.4905122
89.3899822,-50.1044834,-3.7711525,4.9423,0.0066819,6.2072299,0.4534965
89.6899486,-50.0359163,-4.0632409,4.9435,0.0045849,6.2291067,0.4192742
89.989915,-49.9669915,-4.3549777,4.9454,0.0079768,6.2492645,0.3876344
90.2898814,-49.8972519,-4.6470238,4.9483,0.0117253,6.2678434,0.3583823
90.5898478,-49.8266702,-4.9380611,4.9524,0.0155002,6.2849715,0.3313376
90.8898142,-49.754699,-5.2297865,4.9555,0.0050511,6.3007656,0.3063338
91.1897805,-49.682465,-5.5206736,4.9555,-0.0025038,6.3153326,0.2832168
91.4897469,-49.6102788,-5.8119927,4.955,-0.0010462,6.3287706,0.2618444
91.7897133,-49.5382163,-6.1032002,4.9549,0.0005958,6.3411692,0.2420847
92.0896797,-49.4661622,-6.3941477,4.9554,0.0024189,6.3526106,0.2238162
92.3896461,-49.393674,-6.6855645,4.9575,0.0138682,6.3631702,0.2069263
92.6896125,-49.3201633,-6.9759158,4.9638,0.0268083,6.3729175,0.191311
92.9895789,-49.2442753,-7.2665626,4.9716,0.025255,6.381916,0.1768741
93.2895452,-49.1663238,-7.5561012,4.979,0.0254639,6.3902241,0.1635266
93.5895116,-49.086139,-7.8450648,4.9871,0.0285433,6.3978956,0.1511863
93.889478,-49.0034029,-8.1336437,4.996,0.0303143,6.4049801,0.1397773
94.1894444,-48.9182601,-8.4207429,5.0053,0.0317144,6.411523,0.1292293
94.4894108,-48.830061,-8.7079457,5.0155,0.0362953,6.4175662,0.1194772
94.7893772,-48.738928,-8.9936089,5.0268,0.0364983,6.4231483,0.1104611
95.0893435,-48.6447194,-9.2782412,5.0368,0.0298411,6.4283049,0.1021253
95.3893099,-48.5479287,-9.5624152,5.0435,0.0127224,6.4330686,0.0944186
95.6892763,-48.4502588,-9.8456418,5.0443,-0.0056998,6.4374698,0.0872935
95.9892427,-48.3527644,-10.1295087,5.0417,-0.0114071,6.4415361,0.080706
96.2892091,-48.2561824,-10.4135091,5.0397,0.0098279,6.4452933,0.0746157
96.5891755,-48.1587887,-10.6969228,5.0492,0.0541719,6.448765,0.0689849
96.8891418,-48.0569575,-10.9794686,5.068,0.0691795,6.451973,0.0637791
97.1891082,-47.9495663,-11.2592736,5.089,0.0516635,6.4549376,0.0589661
97.4890746,-47.838113,-11.5376461,5.0937,-0.0211074,6.4576772,-12.5376266
97.789041,-47.7273758,-11.8165971,5.0893,0.0144168,5.8463546,-13.6383921
98.0890074,-47.6156227,-12.0946385,5.4015,0.0243007,5.0987983,-10.3239576
98.3889738,-47.5035135,-12.3725148,5.381,-0.1599227,4.4501756,-9.8428333
98.6889401,-47.4006543,-12.656742,5.3596,0.2090414,3.7281396,-1.6256297
98.9889065,-47.2808745,-12.9296007,5.5286,0.8511457,3.5949626,-1.6256297
99.2888729,-47.10741,-13.1746461,5.6986,0.2685193,3.4566585,3.7970456
99.5888393,-46.9126094,-13.4040436,5.7288,0.1347216,3.771798,3.5105082
99.8888057,-46.709702,-13.6227031,5.8032,0.3368925,4.0413523,3.2455939
100.1887721,-46.486586,-13.8235637,5.8934,0.2618186,4.2754727,-1.744729
100.4887384,-46.247405,-14.0047022,5.9877,0.4540451,4.1512585,-2.0155652
100.7887048,-45.9871455,-14.1508741,6.1681,0.6864813,4.0029668,-2.0155652
101.0886712,-45.7020248,-14.2426788,0.0928,0.7030011,3.848966,-1.2781018
101.3886376,-45.4044092,-14.2770177,0.2586,0.364363,3.7480347,3.5329856
101.688604,-45.1037925,-14.2780326,0.3218,0.1113981,4.0208604,3.2663751
101.9885704,-44.8046715,-14.2686313,0.3341,-0.0032237,4.2575725,3.0198838
102.2885367,-44.5057851,-14.2547949,0.3706,0.2427656,4.4652717,2.7919936
102.5885031,-44.2091845,-14.2210616,0.455,0.2517762,4.6490493,2.5813007
102.8884695,-43.9134363,-14.164642,0.518,0.1795868,4.8127192,2.3865074
103.1884359,-43.6227887,-14.0922255,0.5696,0.1651341,4.9592348,2.2064138
103.4884023,-43.3364952,-14.0056356,0.6172,0.1543731,5.0909439,2.0399107
103.7883687,-43.0520886,-13.9049902,0.6624,0.1399073,5.2097523,1.8859724
104.088335,-42.7746996,-13.7940795,0.6953,0.0812436,5.3172339,1.7436508
104.3883014,-42.4986762,-13.675786,0.7119,0.0319779,5.4147068,1.6120693
104.6882678,-42.2234863,-13.5546583,0.7151,-0.0099298,5.5032883,1.4904173
104.9882342,-41.9495348,-13.4345758,0.4115,-0.0057224,5.5839352,1.3779456
105.2882006,-41.6732951,-13.3140546,0.412,0.0074126,5.6574736,1.2739613
105.588167,-41.3995514,-13.1942707,0.4122,-0.005368,5.7246221,1.1778241
105.8881333,-41.1238195,-13.0741218,0.4094,-0.002767,5.7860102,1.0889417
106.1880997,-40.8490222,-12.9543531,0.4144,0.0359524,5.8421918,1.0067666
106.4880661,-40.574913,-12.8314203,0.4297,0.0561857,5.8936574,0.9307927
106.7880325,-40.3031744,-12.7040853,0.4467,0.0574971,5.9408426,0.8605521
107.0879989,-40.0334238,-12.5719847,0.4638,0.0546874,5.9841361,0.795612
107.3879653,-39.7663271,-12.4357043,0.4795,0.0499134,6.0238856,0.7355726
107.6879316,-39.5005934,-12.2950362,0.494,0.0473954,6.0604036,0.6800639
107.987898,-39.2381905,-12.1513158,0.5079,0.0465001,6.0939712,0.6287441
108.2878644,-38.9765163,-12.0024541,0.5287,0.0916411,6.1248419,0.581297
108.5878308,-38.7205481,-11.8473777,0.5623,0.1140375,6.1532453,0.5374304
108.8877972,-38.468804,-11.6836979,0.5877,0.0546805,6.1793891,0.4968742
109.1877636,-38.2202031,-11.516057,0.5976,0.0305513,6.203462,0.4593785
109.4877299,-37.9733669,-11.3461023,0.6091,0.0464344,6.2256355,0.4247123
109.7876963,-37.7283794,-11.1725084,0.6236,0.046354,6.2460657,0.3926621
110.0876627,-37.4865587,-10.996068,0.6367,0.0410236,6.2648948,0.3630306
110.3876291,-37.2460981,-10.8159611,0.6489,0.040561,6.2822529,0.3356351
110.6875955,-37.0083831,-10.6333243,0.6617,0.0520639,6.2982585,0.310307
110.9875619,-36.7735098,-10.4467856,0.6824,0.0861476,6.3130201,0.2868902
111.2875282,-36.5432331,-10.2544747,0.7078,0.0655034,6.3266372,0.2652405
111.5874946,-36.3170647,-10.0579932,0.7203,0.0180896,6.3392006,0.2452246
111.887461,-36.0920883,-9.8591824,0.7278,0.0324525,6.3507938,0.2267192
112.1874274,-35.8693491,-9.6584833,0.7391,0.0344728,6.3614934,0.2096102
112.4873938,-35.6485128,-9.4555205,0.7463,0.0134724,6.3713696,0.1937924
112.7873602,-35.4285469,-9.2516029,0.7483,0.0032744,6.3804869,0.1791682
113.0873265,-35.2088311,-9.0475076,0.7484,-0.0019155,6.3889046,0.1656475
113.3872929,-34.989011,-8.8434268,0.7481,-0.0003341,6.3966772,0.1531472
113.6872593,-34.7691912,-8.6393901,0.7482,0.0004712,6.4038549,0.1415903
113.9872257,-34.5493515,-8.4352849,0.7483,0.0001572,6.4104838,0.1309054
114.2871921,-34.329612,-8.2312489,0.7483,0.0002357,6.4166063,0.1210269
114.5871585,-34.1097327,-8.0270541,0.7484,0.0004195,6.4222616,0.1118938
114.8871248,-33.8900569,-7.8229987,0.4486,0.0004775,6.4274858,0.1034499
115.1870912,-33.6703188,-7.6188268,0.4487,0.0005467,6.4323119,0.0956432
115.4870576,-33.4505385,-7.4145484,0.4489,0.0006293,6.4367706,0.0884257
115.787024,-33.2310001,-7.2104179,0.4491,0.0006933,6.4408901,0.0817528
116.0869904,-33.0112098,-7.0059679,0.4493,0.0007504,6.4446964,0.0755835
116.3869568,-32.7917818,-6.8017629,0.4495,0.0007998,6.4482134,0.0698797
116.6869231,-32.5722363,-6.5973504,0.4498,0.0008368,6.4514634,0.0646063
116.9868895,-32.3526712,-6.3928167,0.45,0.0008591,6.4544666,0.0597309
117.2868559,-32.1334123,-6.1884625,0.4503,0.0009088,6.4572419,0.0552235
117.5868223,-31.9137391,-5.9836101,0.4506,0.000921,6.4598068,0.0510561
117.8867887,-31.6945336,-5.7790943,0.4508,0.000183,6.4621772,0.0472033
118.1867551,-31.4749888,-5.5742385,0.4507,-0.0001563,6.4643679,0.0436411
118.4867214,-31.2556224,-5.3695619,0.4507,0.000245,6.4663927,0.0403478
118.7866878,-31.0360464,-5.1646745,0.4507,-0.0011793,6.4682641,0.0373031
119.0866542,-30.8169636,-4.9603957,0.45,-0.0037151,6.4699938,0.0344881
119.3866206,-30.5969981,-4.7555323,0.4502,0.0060331,6.4715926,0.0318855
119.686587,-30.378053,-4.5508907,0.4532,0.004665,6.4730703,-8.9021157
119.9865534,-30.1588014,-4.3458176,0.4488,-0.0341152,6.046484,-13.4948837
120.2865197,-29.9385037,-4.1431722,0.4425,0.0381355,5.3351613,-9.6296786
120.5864861,-29.72029,-3.9375171,0.4764,0.1861879,4.7630648,-7.0921557
120.8864525,-29.5062548,-3.7249679,0.4595,-0.3378006,4.293247,-2.1558029
121.1864189,-29.2743248,-3.5373451,0.281,-0.6418248,4.1398832,-2.1558029
121.4863853,-29.0122417,-3.3917684,0.1554,-0.1941474,3.980615,3.306881
121.7863517,-28.7408154,-3.2636804,0.1306,-0.0693434,4.222464,-0.3844944
122.086318,-28.4672937,-3.1416807,0.1068,-0.1404795,4.1950604,-2.058324
122.3862844,-28.1862818,-3.0359735,6.2692,-0.6722206,4.045204,-2.058324
122.6862508,-27.8930935,-2.9862548,6.0373,-0.6142828,3.8895783,-0.1963693
122.9862172,-27.5920675,-2.9901105,5.9276,-0.1272547,3.8744046,3.4118225
123.2861836,-27.2923452,-3.0116954,5.895,-0.1068838,4.1301181,3.1543553
123.58615,-26.9951556,-3.042661,5.8635,-0.1102286,4.3531915,2.9163174
123.8861163,-26.6978166,-3.0836961,5.8275,-0.1295832,4.5497111,2.6962427
124.1860827,-26.4031696,-3.1350869,5.7982,-0.0457626,4.7241333,2.4927755
124.4860491,-26.1077158,-3.1908478,5.7996,0.0340242,4.8798497,2.3046625
124.7860155,-25.8133148,-3.2444075,5.8053,0.0049596,5.0195194,2.1307452
125.0859819,-25.5182781,-3.2975422,5.8041,-0.0051172,5.1452774,1.9699523
125.3859483,-25.2222667,-3.3512718,6.1033,4.31E-05,5.2588704,1.8212933
125.6859146,-24.9279907,-3.4047461,6.1034,-0.0009228,5.3617508,1.6838526
125.985881,-24.6315972,-3.4586897,6.1028,-0.002761,5.4551416,1.5567836
126.2858474,-24.3373005,-3.5124718,6.102,-0.0020835,5.5400844,1.4393037
126.5858138,-24.041588,-3.5667039,6.1015,-0.0014498,5.6174746,1.3306892
126.8857802,-23.7466084,-3.6209345,6.1012,-0.0008406,5.688088,1.2302711
127.1857466,-23.4512048,-3.6753199,6.101,-0.0001361,5.7526016,1.1374308
127.4857129,-23.1561517,-3.7296528,6.1011,0.0006771,5.8116097,1.0515966
127.7856793,-22.8605501,-3.7840245,6.1014,0.0014959,5.8656367,0.9722397
128.0856457,-22.5660071,-3.8380646,6.102,0.0023524,5.9151477,0.8988714
128.3856121,-22.2699923,-3.8921711,6.1027,0.0022198,5.9605566,0.8310396
128.6855785,-21.9756751,-3.945765,6.1033,0.0019559,6.0022332,0.7683267
128.9855449,-21.6799192,-3.9994428,6.1039,0.0015797,6.0405089,0.7103462
129.2855112,-21.3850435,-4.0528165,6.1043,0.0012379,6.0756816,0.6567412
129.5854776,-21.0899683,-4.1061129,6.1046,0.0009673,6.10802,0.6071814
129.885444,-20.7945667,-4.1593795,6.1049,0.0007346,6.1377664,0.5613615
130.1854104,-20.5000417,-4.2124211,6.105,0.0005154,6.1651403,0.5189994
130.4853768,-20.2042537,-4.2656418,6.1052,0.0003649,6.1903408,0.479834
130.7853432,-19.9092913,-4.3186807,6.1053,0.0002286,6.2135487,0.4436242
131.0853095,-19.6140546,-4.3717477,6.1053,0.0001295,6.2349284,0.4101468
131.3852759,-19.3187643,-4.4248124,6.1053,5.92E-05,6.2546297,0.3791958
131.6852423,-19.0238793,-4.4777988,6.1054,4.2E-06,6.2727893,0.3505805
131.9852087,-18.728397,-4.5308916,6.1053,-1.73E-05,6.2895318,0.3241245
132.2851751,-18.4332833,-4.5839197,6.1053,-3.05E-05,6.3049713,0.2996651
132.5851415,-18.1380858,-4.6369657,6.1053,-2.93E-05,6.3192121,0.2770514
132.8851078,-17.8428571,-4.6900198,6.1053,-1.93E-05,6.3323498,0.2561442
133.1850742,-17.5476995,-4.7430629,6.1053,-6.1E-06,6.3444719,0.2368147
133.4850406,-17.2524807,-4.7961176,6.1053,8E-06,6.3556586,0.2189439
133.785007,-16.9573113,-4.8491626,6.1053,1.73E-05,6.3659836,0.2024217
134.0849734,-16.6620301,-4.9022262,6.1053,2.14E-05,6.3755147,0.1871463
134.3849398,-16.3669593,-4.9552502,6.1053,7.4E-06,6.3843138,0.1730236
134.6849061,-16.0716478,-5.0083169,6.1053,-1.68E-05,6.3924381,0.1599667
134.9848725,-15.7765235,-5.0613516,6.1053,-6.69E-05,6.3999402,0.1478951
135.2848389,-15.4814161,-5.1143896,6.1053,-0.0001429,6.4068683,0.1367344
135.5848053,-15.1858893,-5.167516,6.1052,-0.0002371,6.4132669,0.126416
135.8847717,-14.8911135,-5.2205297,6.1051,-0.0003829,6.419177,0.1168763
136.1847381,-14.5956869,-5.2736955,6.105,-0.0005488,6.4246363,0.1080564
136.4847044,-14.3006549,-5.3268409,6.1048,-0.0007668,6.4296795,0.0999021
136.7846708,-14.0056479,-5.3800519,6.1045,-0.0010172,6.4343386,0.0923632
137.0846372,-13.7099822,-5.4334749,6.1042,-0.0012862,6.4386431,0.0853931
137.3846036,-13.4155507,-5.4867936,6.1038,-0.0016763,6.4426202,0.0789491
137.68457,-13.1197574,-5.5405124,6.1032,-0.002032,6.446295,0.0729914
137.9845364,-12.8252664,-5.594178,6.1026,-0.0021903,6.4496906,0.0674832
138.2845027,-12.5298811,-5.6482066,6.1019,-0.0021952,6.4528284,0.0623907
138.5844691,-12.23481,-5.7023774,6.1013,-0.0019803,6.455728,0.0576825
138.8844355,-11.9398169,-5.7567151,6.1007,-0.0017439,6.4584077,0.0533296
139.1844019,-11.6444839,-5.8112752,6.1002,-0.0014971,6.4608842,0.0493052
139.4843683,-11.3497231,-5.8658657,6.0998,-0.0011662,6.4631729,0.0455844
139.7843347,-11.0543726,-5.9206724,6.0995,-0.0008244,6.4652882,0.0421445
140.084301,-10.7596283,-5.9754416,6.0993,-0.0004619,6.4672432,0.0389641
140.3842674,-10.4645334,-6.0303184,6.0992,-0.0001035,6.4690502,0.0360238
140.6842338,-10.1695692,-6.0851803,6.0993,0.0002554,6.4707204,0.0333053
140.9842002,-9.8745508,-6.1400288,6.0994,0.0005996,6.4722642,0.030792
141.2841666,-9.5795572,-6.1948181,6.0996,0.0009178,6.4736911,0.0284683
141.584133,-9.2844369,-6.2495469,6.0999,0.0011969,6.4750101,0.02632
141.8840993,-8.9896188,-6.3041103,6.1003,0.0014444,6.4762293,0.0243338
142.1840657,-8.6942176,-6.3586498,6.1008,0.0016071,6.4773563,0.0224975
142.4840321,-8.3998057,-6.4128599,6.1013,0.0017435,6.4783981,0.0207998
142.7839985,-8.1039543,-6.4671771,6.1018,0.0017296,6.4793611,0.0192301
143.0839649,-7.8094504,-6.5210889,6.1023,0.0016749,6.4802513,0.017779
143.3839313,-7.5137612,-6.575066,6.1028,0.0014457,6.4810742,0.0164373
143.6838976,-7.2187269,-6.6287915,6.1032,0.0011234,6.481835,0.0151969
143.983864,-6.9238132,-6.6823932,6.1035,0.0006666,6.4825382,0.0140501
144.2838304,-6.6281228,-6.7360766,6.1036,2.6E-06,6.4831883,0.0129898
144.5837968,-6.3340875,-6.7894596,6.1035,-0.0007704,6.4837893,0.0120096
144.8837632,-6.0379386,-6.8432951,6.1031,-0.0014223,6.4843449,0.0111033
145.1837296,-5.7431476,-6.8970149,6.1026,-0.0024421,6.4848585,0.0102654
145.4836959,-5.4484039,-6.9509523,0.1184,-0.0040306,6.4853333,0.0094907
145.7836623,-5.1530443,-7.0053385,0.1174,-0.0020854,6.4857723,0.0087745
146.0836287,-4.8587165,-7.0597249,0.1171,-0.001764,6.4861781,0.0081124
146.3835951,-4.5637698,-7.1144967,0.115,-0.0125945,6.4865533,-5.8145859
146.6835615,-4.2692142,-7.1701177,0.1132,0.0143016,6.2118446,-13.0549522
146.9835279,-3.9743138,-7.224449,0.1248,0.0589691,5.5457118,-12.9256901
147.2834942,-3.6791298,-7.2742668,0.1399,0.0420619,4.7958705,-9.173344
147.5834606,-3.380909,-7.319958,0.1653,0.2301845,4.1829397,-2.046447
147.883427,-3.0827809,-7.3436195,0.2984,0.676122,4.0335163,-2.046447
148.1833934,-2.7840526,-7.3148607,0.4815,0.482312,3.8783403,1.8532771
148.4833598,-2.4930967,-7.2433666,0.5896,0.2765238,4.0191249,3.2681302
148.7833262,-2.2093677,-7.1476659,0.655,0.1590424,4.2560572,3.0215065
149.0832925,-1.9300232,-7.0364035,0.7053,0.1924158,4.4639359,2.7934938
149.3832589,-1.6584844,-6.9096681,0.7696,0.2208872,4.6478632,2.5826877
149.6832253,-1.3961682,-6.7656322,0.8341,0.210132,4.81166,-4.7699041
149.9831917,-1.1428329,-6.6034583,0.9089,0.2928351,4.5044922,-7.3772582
150.2831581,-0.9057037,-6.4213357,0.9963,0.2074382,3.9830379,-9.6347451
150.5831245,-0.6790728,-6.2245413,1.024,0.119712,3.1755931,-1.1794703
150.8830908,-0.4686971,-6.0110025,1.2145,1.1731095,3.0621543,-1.1794703
151.1830572,-0.3342846,-5.7474989,1.5519,0.7396721,2.9443481,3.4971812
151.4830236,-0.2611809,-5.4524711,1.6746,0.1937875,3.2813502,3.9456277
151.78299,-0.2086567,-5.158612,1.7029,-0.0130423,3.6241372,3.6478779
152.0829564,-0.1618362,-4.8629005,1.7446,0.3447411,3.9144415,3.3725972
152.3829228,-0.1430413,-4.5662152,1.8643,0.2544574,4.164875,3.1180901
152.6828891,-0.1463831,-4.265219,1.8813,-0.0665453,4.3837003,2.8827889
152.9828555,-0.1474417,-3.9661283,1.8701,-0.0104506,4.5767136,2.6652443
153.2828219,-0.1472125,-3.6683454,1.8703,0.0014287,4.7481865,2.4641163
153.5827883,-0.1470962,-3.3653946,1.8704,0.0006143,4.9013854,2.2781661
153.8827547,-0.147098,-3.067524,1.8714,0.0055804,5.0388814,2.1062483
154.1827211,-0.147589,-2.7668033,1.8735,0.0075223,5.1627447,1.947304
154.4826874,-0.1487513,-2.4659919,1.8757,0.0070104,5.2746739,1.8003541
154.7826538,-0.1505335,-2.1665229,1.8776,0.0057776,5.3760837,1.6644936
155.0826202,-0.1528529,-1.8649581,1.8792,0.0043731,5.4681679,1.5388855
155.3825866,-0.1555586,-1.565771,1.8804,0.0041246,5.5519445,1.4227562
155.682553,-0.1586568,-1.2645049,1.8817,0.0041466,5.6282898,1.3153904
155.9825194,-0.1620434,-0.9650771,1.8822,-0.001091,5.6979638,1.2161268
156.2824857,-0.1653462,-0.6644063,1.881,-0.0067148,5.7616305,1.1243539
156.5824521,-0.1683424,-0.3643627,1.5813,0.0097348,5.8198731,1.0395065
156.8824185,-0.1722141,-0.0644602,1.5869,0.0272589,5.8732067,0.961062
